"","C","D"
"Abaetetuba@PA",-186.96267895161,63.3928978375209
"Abreu e Lima@PE",-35.0556896533742,33.5684956074868
"Acaraú@CE",796.661396700011,-308.814874955053
"Acopiara@CE",-385.451825226122,196.114588704191
"Açu@RN",-308.150068687413,96.2249592826339
"Afogados da Ingazeira@PE",2806.43626625431,-1024.50861413233
"Afonso Cláudio@ES",893.936904751186,-233.67723788825
"Água Branca@AL",837.476316905793,-268.181847741373
"Água Branca@PI",911.075781241166,-363.865724558393
"Águas Formosas@MG",171.484246566148,-97.8439055484533
"Águas Lindas de Goiás@GO",183.546594100418,-61.0726611557413
"Alagoinha@PB",-530.331558581683,183.187383852458
"Alagoinhas@BA",50.8566786843946,-16.5779048573739
"Alegre@ES",648.863946707224,-190.604112402577
"Alegrete@RS",-162.84219137168,97.3333395939188
"Alexandria@RN",-668.70151530179,181.546521101446
"Alfenas@MG",325.543942998153,-120.206979802584
"Almenara@MG",-215.270042327617,125.587828452685
"Alpinópolis@MG",285.541346918265,-112.619182340446
"Alta Floresta@MT",171.077428638927,-29.4144832849468
"Altamira@PA",-250.51824908516,124.370628850929
"Alto do Rodrigues@RN",-470.710119639608,125.620045312141
"Alvinópolis@MG",-1581.9808468883,1023.98859681936
"Alvorada do Sul@PR",2381.33981330284,-1308.65242686983
"Alvorada@RS",-476.909395442519,162.572861501812
"Amambai@MS",698.255029490359,-238.649192988397
"Amarante do Maranhão@MA",207.848497708336,-87.8776726802911
"Amargosa@BA",523.049675272025,-268.498426897421
"Americana@SP",1714.20045532318,-586.441342838338
"Amparo@SP",-193.414558474706,189.415864797898
"Ampére@PR",-1621.68055382508,907.67750457555
"Ananindeua@PA",-178.999667697878,97.176060345299
"Anápolis@GO",-857.597975348548,334.307645730238
"Anchieta@ES",-179.911072570548,100.41687389795
"Angicos@RN",143.351357428685,-104.120491942575
"Angra dos Reis@RJ",-1078.36224776259,367.677981227886
"Aparecida de Goiânia@GO",-682.580118753178,320.171738180831
"Apodi@RN",1094.77715406535,-275.479125427581
"Apucarana@PR",-257.926300275496,130.910967811014
"Aquidauana@MS",322.611231744188,-142.79866029051
"Aracaju@SE",-304.842461743667,191.753497553516
"Araçatuba@SP",-1905.54346738748,942.373107531864
"Aracruz@ES",-191.934611977354,76.3364307753224
"Araçuaí@MG",-1329.56822884651,634.820789422865
"Aragarças@GO",-1002.83385746499,443.512189979263
"Araguaína@TO",-1716.37740377953,661.536772882892
"Araguari@MG",137.703444141541,-111.898953085656
"Araguatins@TO",875.114050271373,-369.858735896381
"Arapiraca@AL",129.932591957137,-17.4144653311407
"Arapongas@PR",-2.82865426228309,-17.7599694614672
"Araraquara@SP",-68.7319391731661,64.4043937370466
"Araras@SP",-1740.44976680158,898.251011131934
"Arari@MA",-88.330095175416,26.1412925940077
"Araripina@PE",-899.304953675777,377.97897360306
"Araruama@RJ",-332.64957330575,111.485218787261
"Araxá@MG",217.855846863097,-93.7699764382778
"Arcos@MG",-950.688477134532,303.685518009908
"Arcoverde@PE",-442.641346226471,230.380806054662
"Areado@MG",-249.495450020084,139.501427207988
"Areia Branca@RN",-76.0289544636268,33.2548856558981
"Ariquemes@RO",586.417583601362,-183.092568271545
"Arraias@TO",-1210.74497869345,316.216820242178
"Artur Nogueira@SP",421.087220769611,-178.554574727554
"Arujá@SP",278.530690804514,-98.4034924733026
"Assaré@CE",584.453741584405,-234.183898420768
"Assis Chateaubriand@PR",-146.088995415837,98.7336817550898
"Assis@SP",-439.610937423527,198.616421195512
"Atibaia@SP",-826.668618567157,319.410609242138
"Augusto Corrêa@PA",1041.00960559184,-394.14523881928
"Avaré@SP",535.432130679379,-210.508203476624
"Bacabal@MA",101.487650754286,-34.0195647825595
"Baependi@MG",2727.95816947699,-1294.47445620326
"Bagé@RS",-158.220565816336,97.9168846820268
"Balneário Camboriú@SC",414.535283557684,-112.252307511281
"Balsas@MA",521.878043740765,-191.727158173189
"Bambuí@MG",-50.149912668897,101.944536020696
"Bananeiras@PB",294.614513634008,-105.203556284254
"Bandeirantes@PR",-10.0568671616786,-8.1140620696318
"Baraúna@RN",-932.633900424996,343.988130013988
"Barbacena@MG",-36.4207049388109,37.9832151466471
"Barbalha@CE",1714.96513352736,-726.870718691704
"Barcarena@PA",-221.738152818675,97.5746091376211
"Barra Bonita@SP",1476.8933082863,-582.21606242653
"Barra de São Francisco@ES",15.5359521086775,24.5194495662085
"Barra do Corda@MA",442.406669378852,-198.123004858247
"Barra do Garças@MT",-465.374198353865,258.85967881224
"Barra Mansa@RJ",211.583049299842,-70.1627332686688
"Barra@BA",1288.67925939163,-597.725341546973
"Barras@PI",17.7946037375299,4.87034916292119
"Barreiras@BA",-486.77224510952,215.142073626403
"Barreirinhas@MA",-1441.57960024866,518.790554757769
"Barreiros@PE",372.07317368161,-117.450034072965
"Barueri@SP",-508.413828119153,198.727398800623
"Batalha@PI",-141.457103040167,66.1813955105064
"Batatais@SP",-1162.58540135257,548.209904684362
"Bauru@SP",-420.834331790494,238.719759881428
"Bayeux@PB",492.827337094182,-257.259628366648
"Bebedouro@SP",-178.850718415226,97.3482609574899
"Beberibe@CE",-1219.15435540569,399.596409580615
"Belém@PA",-473.802675164048,239.586260312343
"Belford Roxo@RJ",-107.183715453758,75.8818580274628
"Belo Horizonte@MG",369.227003383791,-190.009782018995
"Belo Jardim@PE",691.10204378697,-293.571091144024
"Benevides@PA",-269.056950975012,121.793211027148
"Bento Gonçalves@RS",-2510.51259756483,1005.90534429289
"Betim@MG",-598.896763862225,265.409847195331
"Birigui@SP",1365.4485810837,-556.461660206217
"Blumenau@SC",92.8615420054653,8.65112488055354
"Boa Esperança@MG",-18.7900108584228,-35.5184338923638
"Boa Vista@RR",-897.641622428021,235.97505205906
"Bocaiúva@MG",1.28248580782664,4.81959986318167
"Bom Despacho@MG",-1329.04512920234,839.788088187365
"Bom Jesus do Itabapoana@RJ",-3619.49515982126,1397.33384567578
"Bonito@PE",236.215608304814,-156.490328940207
"Boqueirão@PB",-1304.82335112974,775.792326256592
"Boquim@SE",42.9015595894763,-9.6449795583949
"Botucatu@SP",-977.479362149696,481.281841642822
"Bragança Paulista@SP",-2976.87191469938,1122.6395866712
"Bragança@PA",-34.192115644868,9.23030628131574
"Brasília de Minas@MG",-481.850968639052,170.71984468282
"Brasília@DF",-337.271899260145,158.569443922551
"Brejo da Madre de Deus@PE",-180.15099292253,133.573660612136
"Brejo Santo@CE",1358.58314773823,-632.308249128221
"Breu Branco@PA",-241.47304755962,97.3438060344245
"Breves@PA",-108.241350534836,68.0971704443259
"Brumadinho@MG",14.0308705061009,-5.88663838937253
"Brumado@BA",284.892724966311,-70.6748250739059
"Brusque@SC",406.174075152008,-67.9645042539171
"Buerarema@BA",1171.55236162326,-514.235600746108
"Buriticupu@MA",29.1158676384253,-53.8937269052732
"Buritis@MG",738.87868190302,-457.00446837993
"Cabo de Santo Agostinho@PE",-462.622488532851,199.531980321168
"Cabo Frio@RJ",-688.61254970132,291.267098026484
"Cabrobó@PE",-262.382441769039,58.5136133636647
"Caçapava@SP",604.411280907995,-272.499074571993
"Cáceres@MT",-371.504811166292,145.671922818486
"Cachoeira do Sul@RS",-315.572595485372,151.365926258672
"Cachoeira@BA",-155.388878643961,120.325428986169
"Cachoeiras de Macacu@RJ",-1101.82148873278,509.336759326399
"Cachoeiro de Itapemirim@ES",-1180.41891269175,357.099118472395
"Cacimba de Dentro@PB",-834.864464145043,337.63218990029
"Cacoal@RO",225.189137125317,-81.2667514541624
"Caculé@BA",-192.346109519516,111.884972713264
"Caeté@MG",930.381324722904,-552.28870386989
"Caetité@BA",-1066.32517549449,511.959406191258
"Caicó@RN",-493.613056482914,226.062191931891
"Caieiras@SP",2226.73398952035,-775.718633916676
"Cajamar@SP",-202.924225149093,123.711242841703
"Cajazeiras@PB",-225.477415136029,104.05813948617
"Cajuru@SP",301.300435097651,-157.852111006377
"Caldas Novas@GO",795.158526975293,-261.920939059476
"Camacan@BA",133.723063098021,-48.4870012532629
"Camaçari@BA",-38.2815627900663,43.9318655832213
"Camaquã@RS",-178.278564468577,106.554887540158
"Camaragibe@PE",564.298636578767,-215.021309443716
"Cambé@PR",-907.63593892471,473.268548701208
"Camboriú@SC",2382.72329515183,-626.167033695686
"Cambuí@MG",239.214095660454,-105.622736628702
"Cametá@PA",-150.102810670372,73.3686185143041
"Campina Grande@PB",271.345839433956,-116.288878307041
"Campinas@SP",673.929639114692,-219.818004783683
"Campo Belo@MG",-738.762097679539,388.535176661473
"Campo Bom@RS",732.442528091311,-233.349762249092
"Campo do Brito@SE",-239.621811733127,113.858562608877
"Campo Formoso@BA",592.369835524468,-267.668478585501
"Campo Grande@MS",-2250.74433835709,835.638528307247
"Campo Largo@PR",-1285.97040392062,651.119755018034
"Campo Mourão@PR",260.871925781167,-128.726944216072
"Campo Verde@MT",-48.233578902515,2.15191585428525
"Campos dos Goytacazes@RJ",305.827702463747,-101.841118067332
"Campos Gerais@MG",-286.109704341866,181.737178565525
"Campos Sales@CE",1000.61422280935,-420.172159465
"Canaã dos Carajás@PA",1377.35399804631,-396.222923762391
"Candeias@BA",4.6219129823624,17.6493267924439
"Cândido Sales@BA",326.640148021057,-88.7609082283415
"Canela@RS",-1403.31039485784,611.458139826022
"Canguaretama@RN",-1078.44813281005,366.016577199259
"Canguçu@RS",226.150569191738,-109.527436801626
"Canindé de São Francisco@SE",-219.747455072211,76.5989698586185
"Canoas@RS",327.015486734416,-132.44310309779
"Capanema@PA",2.22625675904715,12.628677014793
"Capanema@PR",955.458047707591,-510.990246415183
"Capão da Canoa@RS",290.369085510593,-102.545139243452
"Capela@SE",-76.0623008649193,21.162423917152
"Capelinha@MG",-498.526324597222,214.316002360688
"Capim Grosso@BA",79.2374172523815,-33.3001374877647
"Capitão Poço@PA",-292.712182980679,132.633010666946
"Caraguatatuba@SP",190.308209404428,-32.866343296393
"Carangola@MG",-1363.07875191797,574.268291509994
"Carapicuíba@SP",611.464466595563,-108.802364419831
"Caratinga@MG",548.238399799912,-320.440908142629
"Caraúbas@RN",17.2944296468166,16.0894326921674
"Carazinho@RS",-37.6470724652555,28.7066074331456
"Cariacica@ES",-43.9187511035863,45.117787700992
"Cariré@CE",-549.203693051413,177.82811874013
"Carlos Chagas@MG",1245.18660362143,-711.532945810437
"Carmo do Paranaíba@MG",737.78288026146,-395.743305121067
"Carpina@PE",-264.834744229033,183.582338657464
"Caruaru@PE",-364.897020939458,205.328124712762
"Casa Nova@BA",897.628238482735,-555.623519228495
"Cascavel@CE",-300.557151278799,137.654211012259
"Cascavel@PR",-265.862070808274,127.582673219341
"Castelo@ES",1699.78748927675,-385.480388884049
"Cataguases@MG",-119.016073681949,38.1204384388736
"Catalão@GO",-527.485354522439,278.256229577755
"Catolé do Rocha@PB",160.072694978766,-81.0408476574789
"Catu@BA",55.8394529570109,10.9007610033388
"Caucaia@CE",-377.156874690507,168.197654434526
"Caxambu@MG",1061.49582238061,-594.677791827408
"Caxias do Sul@RS",-417.853927346753,185.466899186769
"Ceará-Mirim@RN",409.207687201477,-113.116880122218
"Cedro@CE",-19.7703475049175,40.0801042590577
"Cerejeiras@RO",357.416489282406,-185.672366956898
"Ceres@GO",692.214127146455,-306.26872822077
"Cerro Largo@RS",-681.150326783191,372.41251856685
"Chapadão do Sul@MS",-33.8725070673768,-43.5645540276731
"Chapadinha@MA",-237.46568978277,103.125549496272
"Charqueadas@RS",-508.836029950615,140.829535075672
"Chopinzinho@PR",1286.83778649082,-818.403319461484
"Cianorte@PR",-722.085408871229,393.19008363457
"Cidade Ocidental@GO",-269.179795242405,90.5498023117999
"Coari@AM",-334.552037692565,153.872691718837
"Codó@MA",13.5852267599506,8.40826345544263
"Coelho Neto@MA",378.767701636953,-115.821924169654
"Colatina@ES",-168.906276442406,137.035056511228
"Colíder@MT",-511.441526929733,207.86523605111
"Colorado@PR",414.40935204287,-201.620048980107
"Comodoro@MT",-1962.16028644311,788.399545268779
"Conceição do Araguaia@PA",170.641370711233,-54.7524731111889
"Conceição do Coité@BA",674.3448706936,-390.371590997399
"Conceição do Jacuípe@BA",-1672.4172700707,850.200994581584
"Conceição do Mato Dentro@MG",367.002647236482,-163.112810129437
"Concórdia@SC",-3329.38275531112,1130.93311184097
"Conselheiro Lafaiete@MG",-567.357386176614,239.473437620702
"Conselheiro Pena@MG",-126.551535009048,44.434647012946
"Contagem@MG",153.140012639488,-6.88191867187355
"Cornélio Procópio@PR",-405.521324594851,259.725906682865
"Coroatá@MA",167.205042515403,-52.6104207835124
"Coromandel@MG",-48.9695231357613,-21.3516009428861
"Coronel Fabriciano@MG",1048.47244930448,-493.689824459401
"Corrente@PI",384.721399717685,-196.386074385254
"Cosmópolis@SP",499.76212462215,-216.863822145258
"Cotia@SP",-277.622678237198,121.635103632824
"Coxim@MS",-660.37885876199,292.078698301957
"Crateús@CE",638.033015407035,-251.881808922723
"Crato@CE",-93.9086757158176,45.1158257935085
"Criciúma@SC",3.24202913196297,-5.99196288488025
"Cristalina@GO",-918.85965696143,457.419868447753
"Cruz Alta@RS",2011.49561015973,-993.428848295496
"Cruzeiro do Sul@AC",-53.8986306609914,30.1570819749989
"Cruzeiro@SP",557.107136031345,-298.998791705136
"Cubatão@SP",755.08335769529,-193.943421744848
"Cuiabá@MT",-892.559914341534,458.425856053558
"Cuité@PB",-536.352781705936,213.72694977353
"Curitiba@PR",52.4678239912228,23.909067996758
"Curitibanos@SC",-414.816015086161,204.076216517066
"Currais Novos@RN",-394.666290836941,194.308824535986
"Curuçá@PA",-432.757051270121,187.138378039909
"Curvelo@MG",1277.19006202955,-521.068977659395
"Custódia@PE",-172.987278361127,84.2498575116243
"Delmiro Gouveia@AL",4559.87265204497,-1577.86724210748
"Diadema@SP",-914.382236554003,357.148973765725
"Diamante@PB",158.928571667031,-69.2179655302949
"Diamantina@MG",62.8404651449667,-44.9623554765396
"Dias d'Ávila@BA",-50.2607764157934,42.8865381374112
"Divinópolis@MG",409.120032354671,-194.678749690966
"Dois Vizinhos@PR",-656.919630118916,388.871030284781
"Domingos Martins@ES",-396.0801587624,176.161912381633
"Dourados@MS",21.0735754181147,29.9513823494853
"Dracena@SP",1445.297921422,-564.086150647694
"Duque de Caxias@RJ",-76.4591763100074,53.9832169210726
"Eldorado do Sul@RS",-232.384431732256,53.079601312082
"Embu-Guaçu@SP",-136.686358773811,55.7940287645268
"Embu das Artes@SP",-485.809613710717,140.698159439814
"Entre Rios de Minas@MG",-457.768296710081,306.669405297443
"Erechim@RS",684.546152729128,-256.989127338496
"Escada@PE",-833.766375778636,333.93812734491
"Esperança@PB",183.723772555137,-84.9417942853686
"Espigão D'Oeste@RO",265.817136208697,-45.2954272243186
"Esplanada@BA",-82.173795360961,61.5320282484421
"Estância Velha@RS",-235.58899984045,122.148529282369
"Estância@SE",-1418.57687914512,527.933518835063
"Esteio@RS",-623.600808617282,319.905541908054
"Euclides da Cunha@BA",128.366909093443,-46.2116213914516
"Extremoz@RN",1058.84963781956,-260.133522053367
"Exu@PE",-1834.94468052716,915.103283570291
"Farias Brito@CE",-146.199856129493,81.1891600805694
"Fátima do Sul@MS",-428.847772071537,159.741723063563
"Fazenda Rio Grande@PR",-966.828941346977,343.748713592762
"Feira de Santana@BA",-257.623162384854,149.572069887089
"Fernandópolis@SP",420.329567532055,-180.837787565329
"Ferraz de Vasconcelos@SP",-751.952619720691,270.166523460722
"Floresta@PE",-1631.94423203796,677.000744421225
"Floriano@PI",-171.554603208151,93.1029686037658
"Florianópolis@SC",136.84571330906,-25.2891614239761
"Formiga@MG",-150.882425414822,122.229100451124
"Formosa@GO",-357.124958542675,136.388498896136
"Fortaleza@CE",-143.782893728941,130.32688638566
"Foz do Iguaçu@PR",-441.734241771249,261.639401650715
"Fraiburgo@SC",320.116210773453,-41.2087562546901
"Franca@SP",-530.300516376966,275.824471169531
"Francisco Beltrão@PR",309.557173412189,-78.7459389910294
"Francisco Morato@SP",-388.092183138251,126.256476153619
"Francisco Sá@MG",-220.862403835656,53.7461726995223
"Franco da Rocha@SP",-246.21123552112,80.4551920545104
"Frederico Westphalen@RS",-881.320166656564,511.699380978018
"Frutal@MG",-566.450127486294,261.149150292796
"Gandu@BA",205.065450434398,-92.8904248363758
"Garanhuns@PE",-860.3743183811,406.409236989206
"Glória do Goitá@PE",-358.607634942244,176.750140654792
"Goiana@PE",-441.773852359039,185.912296829205
"Goianésia do Pará@PA",1398.96307981966,-560.286754274874
"Goianésia@GO",-352.794967926698,146.62468855535
"Goiânia@GO",363.06465766539,-186.655068197792
"Goianinha@RN",1022.43459506629,-280.663784719807
"Goianira@GO",-916.756278159315,263.612625452505
"Goiás@GO",1881.37353928925,-661.447089013665
"Governador Valadares@MG",698.251951989233,-288.831368303013
"Grajaú@MA",1386.92813549309,-733.270156581846
"Granja@CE",1186.11071925826,-436.646055635466
"Gravatá@PE",1282.5154197289,-492.894153152419
"Gravataí@RS",30.4765158127424,29.7215134279685
"Guaíba@RS",744.039270241919,-221.805993321841
"Guaíra@PR",152.05948548566,-39.7512596093364
"Guaíra@SP",1932.61344099364,-850.320299561969
"Guajará-Mirim@RO",337.475078237663,-124.890828581269
"Guanambi@BA",-15.6728239850887,43.0935918123988
"Guanhães@MG",65.6907443530109,-47.7016308916745
"Guarabira@PB",24.2007248115837,-0.156775267575446
"Guaraí@TO",-680.984250418815,268.083494130513
"Guarapari@ES",-1026.75172684159,359.791583719572
"Guarapuava@PR",-556.585678574363,324.559138215376
"Guararapes@SP",-1284.12447667779,597.108030145921
"Guaratinguetá@SP",-514.075062804529,304.232636936174
"Guarujá@SP",470.643942399731,-182.511354644581
"Guarulhos@SP",-365.537122629484,178.724992332166
"Guaxupé@MG",109.330225636423,-8.36688119563408
"Gurupi@TO",1763.47536696609,-646.009550692494
"Horizonte@CE",-518.723396601115,210.964703382577
"Hortolândia@SP",1056.69051131184,-305.050476047371
"Humaitá@AM",-1538.26627954692,685.965030957127
"Ibicaraí@BA",-164.468422429276,73.2206464784765
"Ibiporã@PR",102.879743100075,-60.3415444672849
"Ibirité@MG",-1452.29305007586,815.184123434702
"Ibititá@BA",2864.05467190435,-948.915525848436
"Ibiúna@SP",97.2847481874276,-15.9453556790295
"Icapuí@CE",-149.746652128606,-92.0521455623598
"Igaci@AL",271.614519438022,-115.697971658244
"Igarapé-Açu@PA",596.202594337209,-270.743558964222
"Igarapé-Miri@PA",-12.7144148561683,10.7168878109389
"Igarapé@MG",222.004699798076,-71.8811821358262
"Igrejinha@RS",1301.05677802606,-468.311864817249
"Iguaba Grande@RJ",-966.098888334439,399.619873299878
"Iguape@SP",-413.905066943844,238.131637224968
"Iguatu@CE",-3768.59023751649,1364.50571699925
"Ilhéus@BA",-337.590093753789,191.86343058393
"Imperatriz@MA",313.565270730954,-109.95040555692
"Inconfidentes@MG",85.7324823112378,44.4199614597338
"Indaiatuba@SP",-165.512313207769,91.3634395775537
"Independência@CE",338.203098897784,-209.052390163871
"Ingá@PB",747.276502998794,-363.479652767678
"Inhambupe@BA",-395.895581433357,162.405929938146
"Inhumas@GO",1659.55968887331,-550.127223033661
"Ipatinga@MG",1317.76233283634,-632.379279998288
"Ipiaú@BA",31.2134624403788,-9.43058826693918
"Ipirá@BA",2864.66191200204,-1261.95075155442
"Iporá@GO",-771.535255700921,321.82987156457
"Irati@PR",-171.456982393139,101.223989424244
"Irecê@BA",804.800906802575,-359.451202708138
"Itabaiana@PB",514.094677436639,-234.765142284014
"Itabaiana@SE",-997.185198252985,477.264152427318
"Itabaianinha@SE",1925.21833372804,-791.540173212816
"Itaberaba@BA",158.317260405543,-50.9530544092335
"Itabira@MG",534.574424597157,-268.106675783845
"Itabirito@MG",-616.65187935313,378.074480808393
"Itaboraí@RJ",594.415569206444,-212.488447296983
"Itabuna@BA",-471.521089866351,197.565167960474
"Itacoatiara@AM",488.875326481543,-217.153351033918
"Itaguaí@RJ",-10.1963505737116,11.2368397032564
"Itajubá@MG",-445.920821100516,294.795314225702
"Itajuípe@BA",356.135407407834,-137.357299158334
"Itamaraju@BA",-35.39168730404,35.730835840585
"Itamarandiba@MG",145.575100959981,-27.0586153850702
"Itambé@PE",319.747790480107,-113.12930253516
"Itaobim@MG",60.2944209286081,19.5159529666834
"Itapaci@GO",729.015133671394,-199.60179774033
"Itapema@SC",-287.978741589213,113.731181931267
"Itapemirim@ES",90.3213757638466,-13.5412340282152
"Itaperuna@RJ",-528.840983474812,333.431153893731
"Itapetinga@BA",58.2247545575957,-34.4168079268647
"Itapetininga@SP",-327.077062069076,166.208422983018
"Itapeva@SP",188.290507905447,-35.2975621419906
"Itapevi@SP",151.573472652135,-27.902788096702
"Itapipoca@CE",-167.20768505602,90.0018952485939
"Itaporanga d'Ajuda@SE",75.8024691005741,-45.8664656067609
"Itaporanga@PB",-17.9623773848575,40.9806465116301
"Itapuranga@GO",-1291.46771916286,336.667777808009
"Itaquaquecetuba@SP",-1079.61208723202,296.404160401993
"Itaqui@RS",574.249608345514,-178.699918755595
"Itararé@SP",27.3885892130082,-5.90163258056885
"Itarema@CE",-130.575355145687,126.143639205398
"Itatiba@SP",492.81583726105,-206.139215539374
"Itaúna@MG",-67.5136901991279,-9.55828725186787
"Itu@SP",-952.456885094904,399.041018091988
"Ituiutaba@MG",-330.123839046418,194.434984616636
"Itumbiara@GO",-449.671422396353,198.280628126022
"Iturama@MG",1226.34533242154,-598.655455554102
"Ituverava@SP",450.199921429422,-250.198094600643
"Ivaiporã@PR",396.851561566026,-183.32028230306
"Ivinhema@MS",-277.382406055404,128.872023045008
"Jaboatão dos Guararapes@PE",-462.392510528105,233.139415731261
"Jaboticabal@SP",678.51507370141,-273.139109072772
"Jacaraú@PB",133.817816383658,-62.0650936665924
"Jacarezinho@PR",495.954385096963,-201.284086208783
"Jaciara@MT",-364.899291186742,157.576831531907
"Jacundá@PA",289.25287038351,-80.5996804203709
"Jaguaquara@BA",416.733171731824,-160.334372567867
"Jaguariaíva@PR",1992.05718300896,-1104.17726523613
"Jaguaribe@CE",468.744364728059,-136.496708588938
"Jaguariúna@SP",29.0181132775858,15.8873282853385
"Jales@SP",-86.0437526581737,34.5592522162911
"Janaúba@MG",38.8302028307767,1.52566699249292
"Jandaia do Sul@PR",580.502164367362,-212.222823683954
"Jandira@SP",-4401.31695046453,1410.62596167605
"Januária@MG",-315.271805519776,122.508919595883
"Jaraguá do Sul@SC",15.1085093842225,22.829961232817
"Jaraguá@GO",100.967034342182,-9.19804894702757
"Jardim@CE",151.78278075191,-73.6656031106388
"Jaru@RO",1024.25929939574,-363.299972523119
"Jataí@GO",-1703.33349027495,687.360494231541
"Jequié@BA",-3.72369401384062,5.76264637088011
"Jeremoabo@BA",703.042242075241,-300.540427073301
"Ji-Paraná@RO",144.421922131103,-37.7629439530208
"Joaçaba@SC",108.137494920891,-12.0008964066146
"João Câmara@RN",377.426746666399,-169.962463944809
"João Lisboa@MA",-1254.340963151,520.063633000841
"João Monlevade@MG",47.4610786100074,-33.1035304343497
"João Pessoa@PB",-145.89027870656,88.7186551373584
"João Pinheiro@MG",-482.315769779727,211.121461432193
"Joinville@SC",-343.778216890331,130.792319584092
"José Bonifácio@SP",-7332.14449374702,3513.31019722505
"José de Freitas@PI",-312.448257551223,168.16476192786
"Juazeirinho@PB",12.8587368709597,15.9216750984904
"Juazeiro@BA",88.9990200027281,-36.325549041932
"Juiz de Fora@MG",532.604266325329,-215.378992861451
"Jundiaí@SP",48.6068166293646,22.1062037347807
"Juquitiba@SP",-289.585213767188,104.508125794213
"Juruti@PA",387.546764244599,-157.180154651144
"Jussara@GO",-315.274998415485,157.620857494556
"Ladainha@MG",-281.087640667924,77.8181964968745
"Lagarto@SE",-1153.74567653511,414.63798542876
"Lages@SC",2053.00645425477,-783.963441803
"Lagoa da Prata@MG",235.409874466738,-161.000490731397
"Lagoa de Itaenga@PE",171.663186910078,-129.957411974778
"Lagoa Santa@MG",492.864215663224,-221.759291001379
"Lagoa Vermelha@RS",-5304.62147555377,2550.16280844246
"Lajeado@RS",1615.53999467071,-776.636567051659
"Lajedo@PE",-297.795841047352,191.454285641195
"Lapa@PR",474.998158729326,-245.559478714079
"Laranjal do Jari@AP",-272.834018183941,102.342510602573
"Laranjeiras do Sul@PR",-104.491093669919,91.1617590356759
"Lauro de Freitas@BA",-663.183797208873,369.801809022674
"Lavras da Mangabeira@CE",834.734878791056,-329.39431787906
"Lavras@MG",561.451091319829,-135.313340084698
"Leme@SP",-939.155022311722,497.271306444171
"Lençóis Paulista@SP",298.33308211814,-60.7352004522727
"Leopoldina@MG",1050.5683278843,-523.889619577989
"Limeira@SP",-1.41954837412027,40.3169565717747
"Limoeiro do Ajuru@PA",352.109949840765,-170.201550163721
"Limoeiro do Norte@CE",-850.203799496414,319.528983092091
"Linhares@ES",-282.280882463048,110.655693293462
"Livramento de Nossa Senhora@BA",-205.981971138059,122.082662657016
"Loanda@PR",-287.246956035793,195.732092342502
"Londrina@PR",-147.562499915565,106.988933481981
"Lontra@MG",-278.387057695704,81.3941015373308
"Lorena@SP",130.617943585506,-77.2688515716216
"Lucas do Rio Verde@MT",-1021.73516245006,416.286136185768
"Luís Eduardo Magalhães@BA",-829.172513541777,266.079354767451
"Luziânia@GO",-408.511182777488,229.224574355965
"Macaé@RJ",317.23293792761,-96.6527621129028
"Macaíba@RN",-668.767133242487,271.126553507118
"Macapá@AP",-893.658802012238,319.688603783409
"Macau@RN",1733.75084513132,-753.354963722846
"Macaúbas@BA",-364.876693916339,168.650088138932
"Maceió@AL",363.386576460663,-149.892826861927
"Machadinho D'Oeste@RO",287.965589055448,-103.816179861918
"Machado@MG",538.446998580852,-225.868676860951
"Mãe do Rio@PA",166.936851445333,-53.8920453943163
"Magé@RJ",75.2219116273378,-18.6587899851148
"Mairinque@SP",269.736642301381,-110.035156922858
"Mairiporã@SP",142.014012542628,-27.4220701392465
"Mamanguape@PB",-212.529155471037,104.808905260284
"Manacapuru@AM",-1156.1888264497,580.257601134573
"Manaus@AM",-278.923241108581,138.969617724991
"Manhuaçu@MG",-78.9679988634162,-2.77523062165006
"Marabá@PA",-108.530869612552,71.2823115777139
"Maracaju@MS",-2503.35048470306,937.30755681299
"Maracás@BA",243.048599380642,-66.1517594886685
"Maranguape@CE",-524.274844648321,193.786066568
"Marau@RS",-1495.30373206066,715.256672332083
"Maravilha@SC",-401.107502413996,204.490465693463
"Marechal Cândido Rondon@PR",102.057065254053,-18.5680377776533
"Mariana@MG",-128.374262629281,78.608323595017
"Maricá@RJ",-75.1221560002396,15.8071786428839
"Marília@SP",2428.40023205404,-977.008115123543
"Maringá@PR",541.533487209618,-259.252202444316
"Marituba@PA",-263.368390356754,117.39070811622
"Massapê@CE",-17.780053438526,25.0059415075198
"Matão@SP",-121.228484155146,100.539297560247
"Matinhos@PR",-372.535993928357,213.879029513871
"Matozinhos@MG",1477.79735505065,-401.650971798534
"Mauá@SP",-1014.74854946063,342.15540593304
"Mauriti@CE",2106.54422684533,-979.998049435703
"Medianeira@PR",59.540380928681,19.473196636134
"Mesquita@RJ",-35.2458288989704,37.7194592285652
"Milagres@CE",474.605130709445,-184.278739651399
"Mimoso do Sul@ES",-1443.53879540168,383.613820095633
"Minaçu@GO",-90.0495306600768,78.9458786547158
"Minas Novas@MG",343.202714921737,-120.656259186692
"Mineiros@GO",-372.24722351768,149.608862860319
"Miracema do Tocantins@TO",-2431.24592387706,987.378336789176
"Mirandiba@PE",-977.005147040398,453.921660651935
"Mocajuba@PA",-56.2713174873418,30.9023763996931
"Mococa@SP",-150.072911949363,132.825142034983
"Mogi das Cruzes@SP",-282.273249197634,181.442312822094
"Mogi Guaçu@SP",-71.8056191572354,90.8405197350589
"Moju@PA",73.080807223169,-17.6286305554629
"Monte Alto@SP",426.943898254992,-174.231969572825
"Monte Aprazível@SP",770.886151626934,-436.502839727109
"Monte Azul@MG",-167.365804376502,88.751373351621
"Monte Carmelo@MG",-305.089045379058,168.158710358137
"Monte Sião@MG",391.97367209267,-129.540727798807
"Monteiro@PB",-4.52825557080699,33.6036361703455
"Montenegro@RS",887.272581541998,-367.411819174261
"Montes Claros@MG",-12.6890105783179,27.9199390545748
"Morada Nova@CE",-373.217650442067,154.769969786436
"Moreno@PE",-703.771968003078,326.373823119057
"Morrinhos@GO",-291.363200463623,140.917064008905
"Mossoró@RN",-563.326247193582,222.06688961665
"Muriaé@MG",619.625195959285,-252.173383793846
"Mutuípe@BA",-697.872926371736,250.049501672535
"Muzambinho@MG",510.290332405871,-357.118572780182
"Nanuque@MG",-645.50655120337,368.432476513904
"Natal@RN",199.637483305366,-53.3020263547111
"Navegantes@SC",-492.518445407632,177.492876073756
"Naviraí@MS",-417.650553203211,199.588592216239
"Nazaré da Mata@PE",190.834536124374,-92.7084412608428
"Nazaré@BA",416.462884399131,-161.216985164613
"Nerópolis@GO",560.015447063332,-154.057498578853
"Nilópolis@RJ",168.463320950324,-93.7575725158829
"Nísia Floresta@RN",-762.093527351062,257.743353250675
"Niterói@RJ",-406.140690476798,242.255378881519
"Nossa Senhora da Glória@SE",1186.15659209084,-503.263029500715
"Nossa Senhora das Dores@SE",4.02412502252494,0.0544667232699864
"Nossa Senhora do Socorro@SE",-761.000855082456,283.622655272471
"Nova Andradina@MS",619.113912807385,-235.815872218354
"Nova Cruz@RN",-88.0648581310417,-0.755508215502162
"Nova Era@MG",-69.0460458182654,19.6895789955815
"Nova Friburgo@RJ",-959.422944324587,486.185817805155
"Nova Iguaçu@RJ",54.5967645573347,-9.39431372789251
"Nova Lima@MG",461.902205951974,-235.954801299873
"Nova Odessa@SP",1063.34008624603,-499.26591313282
"Nova Olinda@CE",332.011139205836,-127.252418052393
"Nova Prata@RS",-3071.30067397275,1168.525350087
"Nova Russas@CE",82.2967564647621,-35.3830462704996
"Nova Serrana@MG",-1038.00842465029,650.479877100407
"Novo Gama@GO",-61.127733469064,25.0600863265703
"Novo Hamburgo@RS",-734.973148173562,328.162752531221
"Óbidos@PA",206.608343182647,-58.4234069060648
"Olho d'Água das Flores@AL",384.342687546946,-149.377442605529
"Olímpia@SP",-621.854187087901,290.358728887252
"Olinda@PE",-24.9209495592386,25.2470016150229
"Oliveira@MG",321.750720229281,-87.942143442809
"Oriximiná@PA",-662.046600425319,293.583647605757
"Orlândia@SP",-36.3072019967031,27.8186919184074
"Orleans@SC",-1326.2246016323,482.138927539737
"Orobó@PE",-33.5244557587169,-32.2523673398188
"Osasco@SP",-1364.31640508034,499.606332337582
"Osório@RS",943.125185696431,-373.282314883129
"Osvaldo Cruz@SP",-238.257835529794,204.080744874465
"Ouricuri@PE",-46.3841137749227,49.3360912247672
"Ourinhos@SP",-1056.7159797323,524.714591688824
"Ouro Branco@MG",508.899526738642,-329.05268569952
"Ouro Preto do Oeste@RO",-946.018037338716,340.074965327775
"Ouro Preto@MG",-187.47712115339,133.553186857089
"Pacajus@CE",268.743112418882,-113.879322077918
"Pacatuba@CE",17.9585839534269,4.74051991868895
"Paço do Lumiar@MA",380.308271909642,-144.291926142092
"Palhoça@SC",-41.4667324438737,58.5102700648753
"Palmares@PE",-530.701588090024,241.442992374825
"Palmas de Monte Alto@BA",220.790347683482,-100.493086353247
"Palmas@TO",-345.368241378355,148.391247771208
"Palmitos@SC",-2045.17746989172,547.84937539973
"Palotina@PR",-514.093320271609,286.702170790032
"Panambi@RS",-388.403929776092,157.147550237584
"Pará de Minas@MG",-1197.69226719385,590.132865322453
"Paracatu@MG",352.681546460961,-193.063716964376
"Paragominas@PA",-361.244640315966,132.105126007193
"Paraguaçu Paulista@SP",-541.184309026964,252.536519318712
"Paraíso do Tocantins@TO",543.484216466708,-267.628920709188
"Paranaguá@PR",-465.731908610757,267.351581069399
"Paranaíba@MS",-2010.8695379388,757.61747584866
"Paranavaí@PR",551.611029677471,-194.271197250647
"Paraopeba@MG",1355.20764553513,-653.250915753913
"Parauapebas@PA",-306.583032962766,141.486832304803
"Parelhas@RN",-355.267513494027,156.449611068733
"Parnaíba@PI",-153.735922543787,93.8647174029854
"Parnamirim@RN",-488.110012490816,199.741330487503
"Passo Fundo@RS",1135.70411721767,-459.112712713566
"Passos@MG",-50.4329138064145,68.4807269500669
"Pato Branco@PR",1302.14788156065,-715.357845197652
"Patos de Minas@MG",-44.439640722562,45.6601611878925
"Patos@PB",482.056299089641,-196.972061864164
"Patrocínio@MG",2243.26818794767,-808.45242320885
"Patu@RN",-220.525765873416,73.1276827788775
"Pau dos Ferros@RN",-1084.60134362068,526.651007479916
"Paudalho@PE",330.541933714714,-112.025618024001
"Paulínia@SP",218.309027011645,-45.4679685626702
"Paulista@PE",-767.192902006485,429.608359391763
"Paulo Afonso@BA",-1721.56712119092,640.612062226234
"Pederneiras@SP",464.702874903049,-190.051440166996
"Pedreiras@MA",-271.299357985644,107.57500066161
"Pedro II@PI",-1933.59362919805,883.403237639653
"Pedro Leopoldo@MG",585.216657360738,-278.692044495829
"Pelotas@RS",583.562125879278,-217.822716576508
"Penápolis@SP",-1969.58365365175,1029.42938314458
"Penedo@AL",350.252729707188,-151.270050554428
"Pentecoste@CE",2320.56161170059,-792.518926450262
"Peruíbe@SP",-3675.8519144439,1240.53442016608
"Petrolândia@PE",-291.887910695769,117.793260300854
"Petrolina@PE",-1052.95822443693,471.961898281422
"Petrópolis@RJ",1071.39875785837,-544.002974940512
"Piancó@PB",-316.679704937612,170.152729681449
"Picos@PI",282.363198007021,-116.564737390059
"Picuí@PB",-311.648288561043,120.168587500108
"Piedade@SP",101.761334507666,43.4737796047695
"Pilar do Sul@SP",308.592874253498,-105.758847428443
"Pimenta Bueno@RO",-307.506445178223,135.655405586125
"Pindamonhangaba@SP",100.277663447435,40.1255821534453
"Pinheiros@ES",-2249.43953346519,705.03155550012
"Piracanjuba@GO",88.6116643949664,9.99079358642008
"Piracicaba@SP",-352.629632104827,215.683185019559
"Piracuruca@PI",408.759123437996,-129.993389412983
"Piraju@SP",-997.404367955609,625.867945201636
"Pirapora@MG",844.200760512254,-423.438738003621
"Piripiri@PI",289.556747324659,-100.980347009171
"Pitanga@PR",-3447.89498573189,1988.98334331231
"Pitangui@MG",69.8804835791593,-127.748052515248
"Piumhi@MG",-82.2928464741988,51.9109430416287
"Planaltina@GO",304.538415874275,-72.6582065668855
"Poá@SP",247.879799716531,-74.8691325262819
"Poço Verde@SE",-1269.31109246641,422.401705483706
"Poções@BA",450.236837870346,-129.505986167499
"Poços de Caldas@MG",-232.958867493192,85.3796095755957
"Pombal@PB",-460.291641802482,238.912653167946
"Ponta Grossa@PR",584.880573923459,-232.328080728113
"Ponta Porã@MS",146.169153488708,-60.7627556944231
"Pontal@SP",-1074.23873594422,349.647504872442
"Porangatu@GO",-18.9907067048681,32.9231646259035
"Porteirinha@MG",-414.998232843927,158.788744547863
"Portel@PA",-1006.782322137,459.151395293076
"Porto Alegre@RS",377.835701538463,-166.848555849421
"Porto Calvo@AL",-194.367419479209,72.879674583293
"Porto da Folha@SE",413.473672803588,-186.671384359818
"Porto Franco@MA",-4460.44595501196,1625.92115093926
"Porto Nacional@TO",-408.815106771832,180.059782896402
"Porto Seguro@BA",-222.988217869008,90.8775653825999
"Posse@GO",32.1631887502365,18.8938305168879
"Pouso Alegre@MG",-356.370461513596,217.32521305575
"Praia Grande@SP",-325.440312443948,129.162236254409
"Presidente Dutra@MA",1208.4482120137,-381.1592576303
"Presidente Epitácio@SP",-677.506025853124,285.706301056107
"Presidente Prudente@SP",366.349901540318,-101.807679756719
"Presidente Venceslau@SP",536.480641355242,-332.938845652287
"Primavera do Leste@MT",742.443140169408,-345.256112712226
"Promissão@SP",127.222727254741,-23.0468826625941
"Propriá@SE",-13.5143093439265,1.00112716717257
"Queimadas@PB",206.669775701239,-39.859913237369
"Quirinópolis@GO",-823.853207554741,288.741948260442
"Quixadá@CE",37.512149432215,-2.54134966909243
"Rancharia@SP",-2.88428480404337,43.3554513114593
"Raposa@MA",-239.838562971085,63.1585997465473
"Realeza@PR",224.728009153557,-80.7062882748
"Recife@PE",216.376760737865,-125.011580736691
"Redenção@CE",863.348786888019,-255.26227242059
"Redenção@PA",-51.7805061116954,25.9470054222525
"Regeneração@PI",-403.354530699114,194.430291273028
"Registro@SP",-73.3026831847751,91.5034291764512
"Remanso@BA",151.941174055215,-38.5799481950697
"Resende@RJ",427.269271000626,-146.322046887428
"Riachão do Jacuípe@BA",-579.816222925568,304.888523226226
"Ribeirão das Neves@MG",-520.229399600707,166.863898392439
"Ribeirão Pires@SP",-119.716483237129,110.594340509488
"Ribeirão Preto@SP",331.346480300977,-107.638718533566
"Ribeirão@PE",1589.70519797482,-558.303102812905
"Rio Bonito@RJ",239.252383537002,-119.216420479609
"Rio Branco do Sul@PR",-360.23182672985,193.875879874528
"Rio Branco@AC",-1248.33924613335,325.562253156938
"Rio Claro@SP",654.318619830406,-227.524077064743
"Rio das Ostras@RJ",-273.526640919076,99.66924496954
"Rio de Janeiro@RJ",22.6816172893084,18.3740146597093
"Rio Formoso@PE",1139.82235352776,-542.287706528737
"Rio Grande da Serra@SP",-3485.31593224244,1534.00001575274
"Rio Grande@RS",-464.19755053136,240.416579313685
"Rio Largo@AL",380.441626873744,-129.90415228031
"Rio Tinto@PB",130.856779637827,-55.2519571394529
"Rio Verde@GO",-1336.39802791403,533.512494619437
"Rolândia@PR",357.498718196278,-136.334956170082
"Rolim de Moura@RO",-729.126715869875,307.069037519371
"Rosário@MA",1499.9697502414,-487.916648844205
"Rurópolis@PA",-81.1494381732935,19.6110145889616
"Russas@CE",-244.709276396189,64.8893949204428
"Sabará@MG",-107.55859793968,33.5809889867785
"Salgueiro@PE",-2447.50688075218,920.675198712617
"Salinas@MG",188.241605073408,-129.365521780546
"Salinópolis@PA",-276.887247491925,77.3895279635858
"Salto@SP",-1625.3794587969,584.024815407604
"Salvador@BA",-333.847670381248,195.674600107336
"Salvaterra@PA",784.054100170914,-290.200473649101
"Sant'Ana do Livramento@RS",451.590634920475,-140.913473182686
"Santa Bárbara d'Oeste@SP",-409.689367708548,213.052335086401
"Santa Bárbara@MG",-494.828958279307,200.628030356771
"Santa Cruz do Rio Pardo@SP",980.403288155022,-472.75336209845
"Santa Cruz do Sul@RS",-5318.96581369411,2429.38890288804
"Santa Cruz@RN",-70.82203397125,32.7831286736343
"Santa Fé do Sul@SP",-1093.34785332826,464.461341680787
"Santa Izabel do Pará@PA",-135.219543055164,73.253118699406
"Santa Luzia@MG",358.667109652996,-118.711291490328
"Santa Luzia@PB",-86.3492756693012,38.1729210716937
"Santa Maria da Boa Vista@PE",-110.703666412901,57.9803871402891
"Santa Maria do Suaçuí@MG",564.058212737359,-243.097451661827
"Santa Maria@RS",154.943762584888,-0.602332878729913
"Santa Quitéria@CE",-514.262366406066,201.326448358292
"Santa Rita do Sapucaí@MG",68.4435991586595,-36.0165080731082
"Santa Rita@PB",147.735787267209,-46.5837472097343
"Santa Teresa@ES",-33.6484781540121,43.5121661357054
"Santa Vitória do Palmar@RS",1061.8123008042,-303.299166984043
"Santana de Parnaíba@SP",2971.75078980102,-1024.15445549367
"Santana@AP",-2181.87990064384,567.348956728877
"Santarém@PA",-421.05404119548,186.998495534625
"Santiago@RS",-304.342389194809,156.432092463704
"Santo Amaro@BA",34.2894545254896,-20.6581980228693
"Santo André@SP",-344.328062477387,176.44818770832
"Santo Ângelo@RS",-1263.38177420618,653.967146760726
"Santo Antônio da Patrulha@RS",1243.32554422131,-535.608360516512
"Santo Antônio da Platina@PR",-1012.31837782818,463.689734920481
"Santo Antônio de Pádua@RJ",107.474954948843,-26.1580284869269
"Santo Antônio do Descoberto@GO",43.0897619567496,-2.77049014565431
"Santo Antônio@RN",352.038127066145,-88.7305349992552
"Santo Estêvão@BA",-534.015354863613,246.459503328475
"Santos Dumont@MG",845.32926674149,-285.331687180703
"Santos@SP",205.963071035681,-59.8297699204166
"São Bento do Sul@SC",182.640909681146,5.43786546418514
"São Bento@PB",132.36517538329,-74.2257467315653
"São Bernardo do Campo@SP",-1314.90602076578,525.769910711604
"São Bernardo@MA",-115.683313569364,51.3526971639924
"São Borja@RS",-2556.98434790979,950.950882022887
"São Caetano do Sul@SP",6.02545100830134,59.3403278524862
"São Carlos@SP",17.6137580607145,25.9057142245864
"São Cristóvão@SE",-534.635388255728,291.041269897256
"São Fidélis@RJ",-160.995289489195,135.041904324478
"São Francisco@MG",224.039504474874,-79.591101005585
"São Gabriel da Palha@ES",789.341317794812,-182.899603109759
"São Gabriel@RS",2365.00682880815,-1041.1518058532
"São Gonçalo do Amarante@CE",3961.21809672949,-1404.95256324637
"São Gonçalo do Amarante@RN",707.791318913687,-261.948468153185
"São Gonçalo do Sapucaí@MG",526.927183985162,-175.85799772283
"São Gonçalo@RJ",71.5487934979976,-6.64288042508261
"São Gotardo@MG",448.472408184494,-212.241528395299
"São João da Boa Vista@SP",-1028.86209660177,578.368907922756
"São João de Meriti@RJ",424.62241124311,-200.62694344022
"São João del Rei@MG",33.606292526844,-6.2126439726122
"São João do Piauí@PI",30.6678284612664,-21.7578022258607
"São João do Rio do Peixe@PB",394.505699822121,-119.505312993678
"São João dos Patos@MA",1527.04106463139,-479.137699444749
"São João Evangelista@MG",-281.140309510708,157.059636409148
"São João Nepomuceno@MG",474.556425106188,-272.946242274274
"São Joaquim da Barra@SP",-2427.27938359232,1176.71243752395
"São José da Tapera@AL",-129.294476354507,37.153068583041
"São José de Mipibu@RN",-3831.50403977872,1241.3648109513
"São José de Ribamar@MA",-252.538198107871,143.347534764077
"São José do Belmonte@PE",-675.867937255766,266.979260989615
"São José do Egito@PE",-560.856542866634,228.380674085138
"São José do Rio Preto@SP",-469.051653694972,231.629786469548
"São José dos Campos@SP",328.670485235052,-31.4579213359516
"São José dos Pinhais@PR",69.8207182724682,2.36504902418035
"São José@SC",-1235.18667769286,457.444270205325
"São Lourenço do Sul@RS",523.516006061879,-236.356161131628
"São Lourenço@MG",134.977042538438,-7.26618626129831
"São Luís do Quitunde@AL",108.504821382118,13.6383762330349
"São Luís@MA",-247.496227134579,129.237059008577
"São Luiz Gonzaga@RS",4317.00972812748,-2020.10642904486
"São Mateus do Maranhão@MA",370.592359455547,-167.603629543234
"São Miguel do Araguaia@GO",758.59898926241,-245.218075158775
"São Miguel do Guamá@PA",143.626086020174,-3.64076203611402
"São Miguel dos Campos@AL",-314.464327873837,90.8220578385849
"São Miguel@RN",-976.051164413059,338.329323740124
"São Paulo@SP",-526.169600055173,258.031162409737
"São Pedro da Aldeia@RJ",-1220.35993616473,474.347395822142
"São Roque@SP",307.78250782212,-102.629885215813
"São Sebastião do Paraíso@MG",-3.72843433914595,64.7837316129248
"São Sebastião do Passé@BA",-703.742326056447,249.100884987546
"São Sebastião@SP",-353.296200550082,117.857260728859
"São Vicente@SP",-728.665402849717,302.176726789656
"Sapé@PB",-270.467850707155,117.50306463201
"Sapiranga@RS",-1009.60626752896,353.589563132904
"Saquarema@RJ",-95.5443474134972,-25.0850390983479
"Sena Madureira@AC",263.393173503324,-76.455626159296
"Senador Canedo@GO",-607.793110303828,181.757138098383
"Senador Guiomard@AC",1450.96820609045,-500.172949288583
"Senhor do Bonfim@BA",480.059178951275,-230.372122096551
"Serra Talhada@PE",-1695.16773855685,785.056095516671
"Serra@ES",212.488887007446,1.77892970783184
"Serrana@SP",325.499343142983,-125.338578022289
"Sertãozinho@SP",-39.3595429435652,23.1577170750716
"Sete Lagoas@MG",-419.680647602929,111.598443552965
"Silvânia@GO",-179.666510066059,71.0685865117504
"Simão Dias@SE",479.774368178246,-207.814406890189
"Simões Filho@BA",52.9225225001634,-22.9058326038561
"Sinop@MT",-302.616636221606,122.767841694798
"Sítio Novo do Tocantins@TO",658.530632523924,-242.473475125469
"Sobradinho@RS",-579.410303277241,263.180590799583
"Socorro@SP",1175.23525997725,-661.756059457519
"Solânea@PB",71.620642736001,-44.5828066741748
"Soledade@RS",2233.91044300315,-975.807193670296
"Sombrio@SC",512.812401629253,-162.563645137525
"Sorocaba@SP",-489.325530782288,255.912042135199
"Sorriso@MT",-334.786798705529,186.391025817262
"Soure@PA",84.0794590676581,-42.2011222532974
"Sousa@PB",176.099323962615,-72.5405738551762
"Sumaré@SP",436.82221009967,-106.889166759179
"Sumé@PB",-117.971251442421,81.8588005421742
"Surubim@PE",493.860425999517,-119.075101033694
"Suzano@SP",-23.5674350375433,32.1345443292967
"Tabira@PE",301.860648010456,-153.805679579233
"Taboão da Serra@SP",330.015281138365,-52.0699030654178
"Tailândia@PA",-49.5771766128554,17.8515200831828
"Taiobeiras@MG",1106.8338289454,-456.615175193882
"Tamboril@CE",328.211783374157,-102.969953543615
"Tangará da Serra@MT",-164.957437795763,76.7855605067895
"Tapejara@RS",-64.1400139291589,109.567990832052
"Taquara@RS",1793.83773679221,-822.340635390171
"Taquari@RS",-5054.85833915807,2592.10774226841
"Taquaritinga@SP",-335.709751569993,76.2400991318087
"Tauá@CE",-298.413251299562,125.722426078053
"Taubaté@SP",412.967409171082,-168.90476607202
"Tefé@AM",-885.04751583995,303.071540759909
"Teixeira de Freitas@BA",603.366922645836,-307.684138180409
"Telêmaco Borba@PR",335.517403282509,-142.53392661947
"Teófilo Otoni@MG",525.643191371648,-273.813498498291
"Teotônio Vilela@AL",-1241.20907827398,413.211649043102
"Teresina@PI",-498.472218796402,255.594402984201
"Teresópolis@RJ",1164.0004554836,-355.938226857709
"Teutônia@RS",-122.862295956036,83.3110184955275
"Tianguá@CE",94.8589286920386,-53.1958417160683
"Tietê@SP",577.868628659761,-246.296018463528
"Tijucas@SC",195.8498287007,-71.1113099415706
"Timbaúba@PE",-783.756740169276,331.498317125406
"Timbiras@MA",770.72007166639,-261.745949611749
"Timon@MA",218.015747204588,-69.5954748609908
"Timóteo@MG",1002.88496206526,-543.232865358357
"Tobias Barreto@SE",359.274977053514,-135.606418659674
"Tocantinópolis@TO",-219.910002401381,129.232315719824
"Toledo@PR",-380.653070813981,176.09285108505
"Tomé-Açu@PA",-120.270382782187,46.8210768657105
"Torres@RS",-1575.20135875239,600.058172807163
"Tramandaí@RS",-1383.43265358743,444.683993380305
"Três Corações@MG",182.290775169174,-58.281055937743
"Três Lagoas@MS",-189.307394644742,115.164609087779
"Três Passos@RS",177.02642737694,-77.7579024260104
"Três Pontas@MG",-790.98870599239,385.294571784403
"Três Rios@RJ",651.015320191884,-294.295359590131
"Triunfo@PE",-1152.31935533881,365.168202861412
"Tubarão@SC",475.221282425535,-185.928522520711
"Tucumã@PA",1956.59446109889,-612.998784919356
"Tucuruí@PA",-403.071092711957,180.451987394165
"Tupã@SP",200.147968702658,-143.277952417324
"Ubá@MG",487.765624851223,-291.502732418195
"Ubaitaba@BA",1171.75519533478,-467.425578105405
"Ubatuba@SP",-1370.31124988147,472.964860750466
"Uberaba@MG",442.366869916201,-211.328756925661
"Uberlândia@MG",-404.091297956265,242.084667092364
"Umarizal@RN",-98.8822101520245,38.8138871448263
"Umbaúba@SE",373.127644857317,-133.388205783587
"Umuarama@PR",-2663.79541791916,1278.48845879398
"União da Vitória@PR",-104.33175457148,63.87196864729
"União@PI",403.747502776985,-192.258113611981
"Uruaçu@GO",-1332.20079933664,462.450908162214
"Uruçuí@PI",-130.690577666386,63.3675670382561
"Uruguaiana@RS",260.099259235834,-71.3650565488504
"Vacaria@RS",89.9792046656529,-21.3950334862787
"Valença do Piauí@PI",594.927186898732,-214.206838896919
"Valença@BA",-212.284313014992,118.997209489111
"Valença@RJ",-1207.39662885676,668.44269292968
"Valente@BA",135.626111761831,-55.5736351467285
"Valinhos@SP",179.969523854702,-48.7430001162822
"Valparaíso de Goiás@GO",-368.697211365015,128.166352416169
"Varginha@MG",-65.901109321832,0.0630068061804805
"Várzea Alegre@CE",-316.016759044053,127.948945419657
"Várzea Grande@MT",-249.223163760742,183.389821364913
"Várzea Paulista@SP",-658.849042136114,433.947242960324
"Vassouras@RJ",4.59688521579064,80.6112168642492
"Vazante@MG",-66.7379033476984,37.0173847466601
"Venda Nova do Imigrante@ES",-21.7529435041789,67.0055727837648
"Vera Cruz@BA",453.997641061507,-171.148565337425
"Vera Cruz@RN",672.809512082839,-254.766157314381
"Vespasiano@MG",-46.0243521052276,36.3466898556279
"Viamão@RS",183.250233307681,-41.7399001600574
"Viçosa@AL",927.126258070354,-338.93564051502
"Viçosa@MG",170.140073216823,-116.205771139339
"Vigia@PA",200.400242521541,-122.038933873666
"Vila Velha@ES",701.986692883283,-177.270794922721
"Vilhena@RO",537.712980579668,-185.440563047763
"Vinhedo@SP",405.265327183992,-70.8643212394751
"Visconde do Rio Branco@MG",523.50567045139,-412.907813033049
"Vitória da Conquista@BA",-204.447956680612,111.541327204569
"Vitória de Santo Antão@PE",447.651621738686,-260.160676967483
"Vitória@ES",183.319120798843,-52.3126484474796
"Volta Redonda@RJ",436.607837344197,-168.525945633942
"Votorantim@SP",135.347332847984,-18.9710488462371
"Votuporanga@SP",340.702664371312,-133.650739968749
"Xanxerê@SC",-169.986620970888,102.39138753521
"Xinguara@PA",-321.353558846477,138.992588480574
"Xique-Xique@BA",-712.639217507409,380.67123392889
"Zé Doca@MA",25.470101041231,4.70481163183029
