"","Row.names","x","y"
"1","Abaeté@MG",41137.1371460026,1132405.55248073
"2","Abaetetuba@PA",19803.510054479,12302.730247185
"3","Abreu e Lima@PE",26712.7905115245,5270.70016669583
"4","Acará@PA",11949.7757751267,2587.81638476925
"5","Acaraú@CE",42796.3349878848,243076.969574091
"6","Acopiara@CE",37440.6550357046,84863396.3654884
"7","Acrelândia@AC",22570.770652103,1965104.16945864
"8","Acreúna@GO",20404.9602311661,1163.50293451217
"9","Açu@RN",33397.8596218052,30402.7027043801
"10","Afogados da Ingazeira@PE",35011.8515855855,31277.3874611902
"11","Afonso Cláudio@ES",47737.4178778792,1598.49152847671
"12","Água Branca@AL",34408.8008580308,101699.6165557
"13","Água Branca@PI",27476.7582675476,7265.6263928374
"14","Água Clara@MS",27375.613853668,2372513468.28273
"15","Água Doce do Norte@ES",27353.8095505094,15812.766751962
"16","Águas Formosas@MG",29960.6273516327,76139.6256995047
"17","Águas Lindas de Goiás@GO",19413.0078343918,24769.7316407252
"18","Aimorés@MG",31972.5100568752,96045.6769908412
"19","Alagoa Grande@PB",29434.3933587573,1587.64915954298
"20","Alagoa Nova@PB",33836.5319299596,3433.99526300668
"21","Alagoinha@PB",20497.9399431154,4919.39095734421
"22","Alagoinhas@BA",42346.1641056314,11361.9804629144
"23","Alegre@ES",49267.6742681766,298354.3009346
"24","Alegrete@RS",23006.0770025495,39391.4693551844
"25","Alexandria@RN",45322.4860603254,122026.008807548
"26","Alfenas@MG",34436.5594986661,32641.7828220059
"27","Alhandra@PB",15105.8863151245,191.553946347104
"28","Aliança@PE",36661.0296343034,78607.9721764087
"29","Almeirim@PA",7170.58012389987,22649.057393766
"30","Almenara@MG",31247.4050293009,14797.7440646033
"31","Almirante Tamandaré@PR",28129.5568200932,10035.1852778764
"32","Alpinópolis@MG",29029.5873219751,3101.28035689885
"33","Alta Floresta D'Oeste@RO",20123.9239957278,4139.13166291868
"34","Alta Floresta@MT",27258.2769661939,198.1911715513
"35","Altamira@PA",23072.5683952395,10010.4621727121
"36","Alto do Rodrigues@RN",20944.4741804599,232.718386496887
"37","Alto Paraíso@RO",24116.575138708,3042.09994850138
"38","Alto Santo@CE",30130.2349311801,38257.9154417542
"39","Alvinópolis@MG",34113.5491687923,20543.6674599702
"40","Alvorada do Sul@PR",19598.5526319642,478391.506226445
"41","Alvorada@RS",17964.1385723484,10013.0018014194
"42","Amambai@MS",28679.269634162,69853.1552052189
"43","Amapá@AP",12493.2222794007,231.893056877659
"44","Amarante do Maranhão@MA",23275.2751093031,199170.790832622
"45","Amarante@PI",31244.5667315159,42488.4750953
"46","Amargosa@BA",60075.4382308638,4415.52554337836
"47","Americana@SP",28746.2733485604,24457.6050195436
"48","Amparo@SP",28688.9188496922,402539.620040221
"49","Ampére@PR",22488.6847523901,30157.9302877685
"50","Anagé@BA",20858.7431246068,4916.75862398464
"51","Anajatuba@MA",23524.511985872,41355.7653583345
"52","Ananás@TO",11787.929189039,17671.3025452444
"53","Ananindeua@PA",26286.6374809198,38960.8723426815
"54","Anápolis@GO",43512.6465819467,787858.145759851
"55","Anastácio@MS",19416.4264534437,5466.00925394797
"56","Anchieta@ES",28756.374986553,7730.19710758599
"57","Angicos@RN",41716.5500760529,9867.95125055479
"58","Angra dos Reis@RJ",44173.2390649404,58226.6136486086
"59","Aparecida de Goiânia@GO",26509.7521620449,30035.7915892788
"60","Aparecida do Taboado@MS",29599.4822265138,342742124.001849
"61","Aparecida@SP",34618.6530738717,9284.08348568191
"62","Apiaí@SP",30890.3777932458,9622.5981724925
"63","Apodi@RN",43809.250870204,15606.7984982583
"64","Apucarana@PR",32594.4397395665,9935.00479316249
"65","Aquidauana@MS",30427.1024151165,19626.4903144794
"66","Aracaju@SE",80399.3413017256,120682.505110525
"67","Araçatuba@SP",40085.3871150031,28814.2749660408
"68","Araci@BA",25446.2943804512,3174.85120964455
"69","Araçoiaba da Serra@SP",32522.0679341733,10229.9943155762
"70","Aracruz@ES",42742.5509014479,64387.7037173684
"71","Araçuaí@MG",32734.5714573043,13879.4180236621
"72","Aragarças@GO",15970.5255141587,122475.898611849
"73","Araguaína@TO",38663.3040762317,49479.1618495835
"74","Araguari@MG",33292.2735034129,32087.3313875078
"75","Araguatins@TO",25841.6786988965,25365.780054376
"76","Araioses@MA",14245.824243481,2460.7274111125
"77","Arame@MA",22997.1472037492,33166.5891528287
"78","Arapiraca@AL",44518.7977135334,69997.3624917006
"79","Arapongas@PR",29900.7295962198,582592.503343706
"80","Arapoti@PR",48046.3767205939,30808.6495425328
"81","Araputanga@MT",19931.0635097419,23306.7203243113
"82","Araraquara@SP",30306.4143419963,85846.1052795318
"83","Araras@SP",30388.6352366661,28325.0904086193
"84","Arari@MA",20974.6156391944,17704.8585105363
"85","Araripe@CE",28452.443408089,3.43994814116994
"86","Araripina@PE",35494.1332496315,3919.37892344238
"87","Araruama@RJ",40007.7380671058,10068.2860549041
"88","Araruna@PB",42580.8266489773,1110.68435771055
"89","Aratuba@CE",20730.0814226348,92602599.9941259
"90","Araxá@MG",29793.1917377993,47471.149246759
"91","Arcos@MG",35291.7500604997,134923.95569917
"92","Arcoverde@PE",55256.3615879466,24492.954086444
"93","Areado@MG",28015.068410819,7723.23168106979
"94","Areia Branca@RN",23033.1173144291,1128.16804099335
"95","Arenápolis@MT",20808.1157099935,545.331220506754
"96","Arinos@MG",26349.5333627479,38842.1745576372
"97","Ariquemes@RO",25248.3023418501,16205.7126944185
"98","Aroeiras@PB",33065.2166140295,660215.558246334
"99","Arraias@TO",24790.032957493,7108555.20366504
"100","Artur Nogueira@SP",28669.5987410058,825586.160769535
"101","Arujá@SP",35243.9559537746,27835.9496857895
"102","Assaí@PR",40119.7939088721,382.819953181723
"103","Assaré@CE",37155.1398033495,2070.45033299931
"104","Assis Chateaubriand@PR",30721.5630269921,11893.5632119026
"105","Assis@SP",32466.7665600379,7922.82238716397
"106","Astorga@PR",34731.3759912453,6605.40371836034
"107","Atalaia@AL",18985.5362647238,18792.3251950813
"108","Atibaia@SP",34486.5296878851,175490.617684449
"109","Augustinópolis@TO",17827.5730188663,60439.9388244681
"110","Augusto Corrêa@PA",9051.15601143992,2734.69057862199
"111","Auriflama@SP",29045.5834712948,503.444401363155
"112","Autazes@AM",9542.17329023894,27693.9661178571
"113","Avaré@SP",38061.178631297,74237.2594484713
"114","Bacabal@MA",30240.9258546285,74370.6714480687
"115","Baependi@MG",35845.8299691509,1070557.78543761
"116","Bagé@RS",30467.8604751933,60894.6816692219
"117","Baião@PA",11830.7407163371,28746610.6161178
"118","Balneário Camboriú@SC",28626.5917946274,45493.8110563595
"119","Balsas@MA",41693.4246294427,2468.24903635208
"120","Bambuí@MG",28485.2056766703,197788.754662109
"121","Banabuiú@CE",32284.5157156636,1182695.78462365
"122","Bananeiras@PB",89181.3610508533,11680.3581943763
"123","Bandeirantes@PR",29185.0645970955,9926.93212038843
"124","Barão de Cocais@MG",24847.5625623618,305659.770007178
"125","Barão de Grajaú@MA",47751.6891772262,14790068962.7087
"126","Baraúna@RN",31098.8668412863,3822.46966565026
"127","Barbacena@MG",43289.9699939253,96409.9589552437
"128","Barbalha@CE",57955.0827268714,2998547.42623094
"129","Barcarena@PA",18109.0571261794,2080381.72241652
"130","Barra Bonita@SP",34727.4278348667,4283.59661295047
"131","Barra da Estiva@BA",26468.5287649933,137787.974990961
"132","Barra de São Francisco@ES",27768.5107368333,48772.920751276
"133","Barra do Choça@BA",26782.9329672707,16882.1283357109
"134","Barra do Corda@MA",18720.1264864631,5332.68786556753
"135","Barra do Garças@MT",28006.7712820949,55726.6200646319
"136","Barra Mansa@RJ",48794.6078511577,176624.431489327
"137","Barra@BA",18594.9605058831,116438.443260849
"138","Barras@PI",25118.7279898037,1985.65423173509
"139","Barreiras@BA",41543.4228146711,17397.2733879865
"140","Barreirinhas@MA",16619.8102091632,8983.63605088257
"141","Barreiros@PE",24211.3862564665,10556.4062644077
"142","Barueri@SP",29353.7404076416,67473.7515245279
"143","Batalha@PI",29130.1180488447,4545.14205687613
"144","Batatais@SP",33802.7097963043,29352.3090016354
"145","Bauru@SP",38663.3611771085,66126.5352065523
"146","Bayeux@PB",24608.9067514425,45298.0166278551
"147","Bebedouro@SP",30445.1763336764,111024.31409045
"148","Beberibe@CE",34987.9554280225,14991.9951733924
"149","Bela Vista@MS",18996.4967851948,29145.274037532
"150","Belém do São Francisco@PE",26312.0826339063,1325.28218072813
"151","Belém@PA",39161.4560960674,38355.5371350277
"152","Belford Roxo@RJ",24497.3869446905,41735.7820137842
"153","Belo Horizonte@MG",66202.5405593262,130465.599672475
"154","Belo Jardim@PE",24855.7125843486,18745.7296165575
"155","Benevides@PA",16706.933157814,3930.49573855265
"156","Bento Gonçalves@RS",26545.041013073,109231.489078788
"157","Betim@MG",29708.6638508738,73443.6984697826
"158","Biguaçu@SC",24983.0690379261,22657.0136426078
"159","Birigui@SP",29738.1578795384,73074.9883752721
"160","Blumenau@SC",28794.2600831156,51024.5443151359
"161","Boa Esperança@MG",35882.3018427129,37090.4548328818
"162","Boa Vista@RR",37423.7578528596,49279.4370886361
"163","Bocaiúva@MG",28860.7354344412,20670.1781598509
"164","Bom Conselho@PE",31660.0085880077,4269.78834128162
"165","Bom Despacho@MG",45089.3382018126,32668.580292491
"166","Bom Jardim@MA",25569.6592319161,3716.64010596966
"167","Bom Jardim@PE",51280.9575992313,1776.28445764707
"168","Bom Jesus do Itabapoana@RJ",30305.84334412,14832.8412948603
"169","Bom Jesus@PI",44653.950680123,9849.96453899741
"170","Bonito@MS",42157.4838583785,17.6554049442142
"171","Bonito@PE",27254.9037585092,21291.6611295078
"172","Boqueirão@PB",20919.0730560568,21975.3398403736
"173","Boquim@SE",26284.067060567,26947.260110995
"174","Borba@AM",15816.252556607,343.098155553244
"175","Botucatu@SP",27702.5901666773,8024.68462792935
"176","Bragança Paulista@SP",37976.1093656843,2081093.46281309
"177","Bragança@PA",22604.3547977041,4564.62634419397
"178","Brasilândia de Minas@MG",17440.0088086054,4013439367072.13
"179","Brasiléia@AC",22554.6595608412,74905.851710531
"180","Brasília de Minas@MG",33286.6007628887,80014.5464035563
"181","Brasília@DF",72190.0861400453,407941.445195245
"182","Brejo da Madre de Deus@PE",34901.346588935,24386.9959382561
"183","Brejo Santo@CE",54702.4028501446,5130871.81033254
"184","Brejo@MA",14100.8860470824,3460.71553789225
"185","Breu Branco@PA",15968.4310124,5601.09541525782
"186","Breves@PA",12295.1513523106,53592.5962600551
"187","Brumadinho@MG",30093.0286389914,4783269.25586109
"188","Brumado@BA",30925.9385540166,244234.869650493
"189","Brusque@SC",25500.6870052891,23109.7071989667
"190","Buerarema@BA",29710.9202905141,3354.99659525801
"191","Bujaru@PA",14332.8081737568,4352.21193354849
"192","Buriti Bravo@MA",20120.047133689,293958.957759995
"193","Buriti dos Lopes@PI",22977.0683683231,8341.90995865346
"194","Buriticupu@MA",17941.0167081349,18289.5619566417
"195","Buritis@MG",27734.7084906681,30258.2083406884
"196","Buritis@RO",20250.745359444,6910.61402848517
"197","Caapiranga@AM",8988.937181638,323.117953481586
"198","Caaporã@PB",15928.0657379108,6770.16772589039
"199","Caarapó@MS",29068.524079618,7768871.17068154
"200","Cabo de Santo Agostinho@PE",27298.7461145335,9700.51931887246
"201","Cabo Frio@RJ",32250.9599867276,6090.8944826943
"202","Cabreúva@SP",21027.6725060282,2297.61336259097
"203","Cabrobó@PE",24827.6590558441,748751.854399974
"204","Caçador@SC",45085.6864356067,56869.417484479
"205","Caçapava@SP",35757.959395611,7181.38330457266
"206","Cáceres@MT",30997.5177158463,17974.6216874309
"207","Cachoeira do Sul@RS",25459.1675598699,11840.8916850746
"208","Cachoeira Paulista@SP",41539.3878431007,476.52540051737
"209","Cachoeira@BA",34045.939612848,38350.163313888
"210","Cachoeiras de Macacu@RJ",29974.7474991917,19527.0513615358
"211","Cachoeiro de Itapemirim@ES",49122.1318419569,274210.299666306
"212","Cacimba de Dentro@PB",30764.135139598,45697.5057682045
"213","Cacoal@RO",25215.8104637643,54074.8401300563
"214","Caculé@BA",29956.8760645565,9111.11116422645
"215","Caeté@MG",32477.8002383414,26587.5993055097
"216","Caetés@PE",38312.6996073648,514.956332824726
"217","Caetité@BA",41337.6827307041,92413.7867893826
"218","Caicó@RN",43789.5778570908,38610.5134493507
"219","Caieiras@SP",27026.1789166016,583669.35185909
"220","Cajamar@SP",24438.5272526693,137944.608444428
"221","Cajati@SP",19002.3767408364,630.017760174899
"222","Cajazeiras@PB",37881.135625884,16303.4313548037
"223","Cajuru@SP",29910.7919591678,2007403.28066164
"224","Caldas Novas@GO",29777.4522499891,2443.29448963942
"225","Camacan@BA",20142.1259678308,654.301591586436
"226","Camaçari@BA",24877.875308991,13950.8284485263
"227","Camamu@BA",15061.7537778757,3390.33462742756
"228","Camaquã@RS",23303.9544541302,35785.7521432402
"229","Camaragibe@PE",36861.117646216,220764.257082013
"230","Cambé@PR",25197.3326603447,5617.31730877059
"231","Camboriú@SC",22639.7062420216,32557.2804505289
"232","Cambuí@MG",28491.7310626444,3921.90824413361
"233","Cametá@PA",19802.5160258188,34902.5382494065
"234","Campina Grande do Sul@PR",20317.3637310288,17459.7455262658
"235","Campina Grande@PB",55847.1992849416,67785.1221939205
"236","Campinas@SP",50149.3436411739,102186.888143381
"237","Campo Alegre@AL",13497.7747675518,3491.83155158214
"238","Campo Belo@MG",35598.595032763,19836.8335639344
"239","Campo Bom@RS",20933.6257620824,4835.33242497636
"240","Campo do Brito@SE",31151.7707147972,4247.94750625108
"241","Campo Formoso@BA",39359.033967434,75591.7167099391
"242","Campo Grande@MS",44916.5831237156,110144.617043832
"243","Campo Largo@PR",27279.9637955276,10203.7600254769
"244","Campo Magro@PR",26312.2966048103,719028.246337341
"245","Campo Mourão@PR",34045.992427267,1828987.1822407
"246","Campo Verde@MT",33450.9410570975,11653.5204040228
"247","Campos Belos@GO",23610.7770177503,8033.52130224669
"248","Campos do Jordão@SP",29502.0881327863,74849.3308384875
"249","Campos dos Goytacazes@RJ",37395.5136126238,60953.0846864916
"250","Campos Gerais@MG",29143.9962353475,4158.48501900517
"251","Campos Novos@SC",26078.8727814356,5073.87581734363
"252","Campos Sales@CE",47474.282861854,2197.2199012474
"253","Canaã dos Carajás@PA",26561.8003668584,98208.29473622
"254","Canarana@BA",36669.3034173225,291414.660034047
"255","Canavieiras@BA",20503.6129527069,1841.31306838393
"256","Candeias@BA",22420.0342414975,9931.79949446626
"257","Cândido Mota@SP",22878.5041717763,660607811537608
"258","Cândido Sales@BA",25284.8741264883,681321.734138117
"259","Canela@RS",19620.0200060704,1004021.62494049
"260","Canguaretama@RN",25769.1146261359,4500.90829662513
"261","Canguçu@RS",27563.4663012199,3413.12430118612
"262","Canindé de São Francisco@SE",19718.0505987827,3498.1750251295
"263","Canoas@RS",27875.7201259937,179143.288288744
"264","Canoinhas@SC",32936.1436908411,6626.8296228959
"265","Cansanção@BA",20971.4236857956,1254.22770904011
"266","Capanema@PA",21872.7753623953,3638.93117869601
"267","Capanema@PR",19336.8455266712,899.156142039948
"268","Capão Bonito@SP",28443.3101012268,21922.9332203385
"269","Capão da Canoa@RS",21057.5361093524,42791.591648531
"270","Capão do Leão@RS",20324.9512864665,7300.86555891219
"271","Capela@SE",13851.7542490438,1796942.17387229
"272","Capelinha@MG",34056.3003996645,16731.6165223389
"273","Capim Grosso@BA",19672.4836306566,10739.9862652668
"274","Capitão Poço@PA",18666.6764839055,332447.238174834
"275","Capivari@SP",26036.3376242193,5918.99145457247
"276","Caracaraí@RR",6881.68561392453,691.721971642332
"277","Caraguatatuba@SP",25674.2030644627,9177.1080849351
"278","Carangola@MG",59391.4453224227,5151.4098634314
"279","Carapicuíba@SP",23731.0643673548,68935.9034573707
"280","Caratinga@MG",39486.1932625861,211315.739958278
"281","Caraúbas@RN",41318.6585719546,275530.210857661
"282","Carazinho@RS",22602.6700545775,2829.71733721853
"283","Careiro@AM",10364.4101207384,52230461250.7226
"284","Cariacica@ES",53605.5421046063,48003.4812253016
"285","Carinhanha@BA",21551.1548099255,144084.208065999
"286","Carira@SE",18929.7313374957,44020.3464995452
"287","Cariré@CE",38532.1388793096,1951.62752822163
"288","Caririaçu@CE",35564.7376764867,190941.994874871
"289","Carlos Barbosa@RS",18789.2485830298,539.80916193783
"290","Carlos Chagas@MG",30599.1721210355,5556.20066521389
"291","Carmésia@MG",28599.9160472352,128278612.963892
"292","Carmo do Paranaíba@MG",34296.5819773772,63318929.5446326
"293","Carolina@MA",26140.2905032164,1788.00996821913
"294","Carpina@PE",45527.2002243968,280137.784217019
"295","Caruaru@PE",38653.732019278,11236.4363785081
"296","Carutapera@MA",13053.3814730525,221.672701403156
"297","Casa Branca@SP",37830.0913570869,5454.03889512115
"298","Casa Nova@BA",23090.3129208287,23456.2711363757
"299","Cascavel@CE",51311.6776202688,80045.2352399409
"300","Cascavel@PR",31082.4446668747,50524.8388436859
"301","Casimiro de Abreu@RJ",37347.5068613244,5660.77082589711
"302","Cassilândia@MS",27064.0475741192,0.154066441177968
"303","Castelo do Piauí@PI",17247.8821316505,37106215.8643034
"304","Castelo@ES",31721.97423207,416684.167923142
"305","Castro Alves@BA",32800.2442614198,21082685.3867901
"306","Castro@PR",27930.991584355,40652.0351179518
"307","Cataguases@MG",31167.9828107223,1558126.65964659
"308","Catalão@GO",40189.6942328438,472973.042340289
"309","Catende@PE",21949.9937654406,15843.1431848713
"310","Catolé do Rocha@PB",33943.9067848495,25782.1934044848
"311","Catu@BA",44716.207664565,141130.854374492
"312","Caucaia@CE",37720.7982916349,45247.1700306972
"313","Caxambu@MG",36610.2534098163,71875.9050580969
"314","Caxias do Sul@RS",27815.8540802941,78926.8581295514
"315","Ceará-Mirim@RN",28863.7796666175,21911.5852630147
"316","Cedro@CE",39313.8677862981,15919750.5950574
"317","Cerejeiras@RO",32908.2778502137,2934.06523460391
"318","Ceres@GO",43822.3871351966,39676.8025352205
"319","Cerro Largo@RS",21313.6782800478,12759.3451804021
"320","Chapada dos Guimarães@MT",32021.7566337082,76521.4853406802
"321","Chapadão do Sul@MS",20308.8444328284,7319.70564877232
"322","Chapadinha@MA",22371.0314098154,5445.39674248595
"323","Charqueadas@RS",19465.96432231,16031.6462870175
"324","Chopinzinho@PR",25193.275883794,281371.629145375
"325","Cianorte@PR",27761.0913821879,172673.227809397
"326","Cícero Dantas@BA",29929.9315256713,12016.8953969345
"327","Cidade Ocidental@GO",21345.1528566978,4164.48481388894
"328","Cláudio@MG",24261.8343938681,365246.129945195
"329","Coari@AM",13835.4971775168,27952.0821238013
"330","Cocos@BA",26582.3050365887,233.794332027241
"331","Codajás@AM",12433.414846198,1223.11373028325
"332","Codó@MA",23906.1626141881,14773.5825383746
"333","Coelho Neto@MA",18251.2803420874,13046.8973895992
"334","Colatina@ES",43770.8204402569,159801.376404502
"335","Colíder@MT",16230.8236012488,3072.1333055635
"336","Colinas@MA",19703.6932162369,12723.6118885264
"337","Colorado@PR",22408.4324120038,1275.17185036572
"338","Comodoro@MT",22073.6058785642,28196.7405337258
"339","Conceição da Barra@ES",41499.9894704804,1638.80261181996
"340","Conceição da Feira@BA",23770.7700680366,15046.3478076821
"341","Conceição do Araguaia@PA",19735.6724894682,9077.58912563731
"342","Conceição do Coité@BA",35321.4511582154,3642636.323198
"343","Conceição do Jacuípe@BA",22123.738759811,932417.137265389
"344","Conceição do Mato Dentro@MG",60086.6709356781,2977.87663757422
"345","Concórdia do Pará@PA",16762.3186962819,110.423152412799
"346","Concórdia@SC",26712.4082474875,17445.6247959014
"347","Conselheiro Lafaiete@MG",35828.5562823481,59453.5789456695
"348","Conselheiro Pena@MG",36035.3873024843,111397.531176815
"349","Contagem@MG",38053.6165703083,238839.361726887
"350","Coração de Jesus@MG",28895.0428690203,12069.6052252478
"351","Coração de Maria@BA",28075.6661765643,11353.841769242
"352","Cordeiros@BA",22188.6143364914,207455.511264074
"353","Coreaú@CE",49599.0337637764,101.688964546991
"354","Corinto@MG",56586.9957924168,1180.88394258415
"355","Cornélio Procópio@PR",49809.8144991189,14687.1606356317
"356","Coroatá@MA",18250.065048389,2695.0203973599
"357","Coromandel@MG",35084.7338140494,10364.4611038856
"358","Coronel Fabriciano@MG",43757.3653049251,398491.191888659
"359","Coronel Vivida@PR",30146.3993759259,2458.96181399074
"360","Corrente@PI",20885.4045409174,3463.17560362204
"361","Cosmópolis@SP",22631.850691654,48571.7709541538
"362","Costa Rica@MS",20102.4413973175,14684.253306055
"363","Cotia@SP",43630.2369975881,13345.4271018243
"364","Coxim@MS",22118.9998174376,11743.9499419403
"365","Crateús@CE",54505.7890221688,237750.886409725
"366","Crato@CE",64670.428135032,16861.1870857305
"367","Criciúma@SC",30890.5612970245,67608.8768250775
"368","Cristalândia@TO",25205.9767066029,1277.11517333751
"369","Cristalina@GO",37360.3044674684,378322.358096356
"370","Cruz Alta@RS",26859.3331485618,67480.8827934138
"371","Cruzeiro do Sul@AC",17801.701026013,27898.9855379317
"372","Cruzeiro@SP",32238.6273137971,211347.266252517
"373","Cubatão@SP",27801.8480522487,18773.8165121325
"374","Cuiabá@MT",54392.6564833317,51374.5317103654
"375","Cuité@PB",23348.4165354507,713583.559547525
"376","Curaçá@BA",21415.5044274082,22158.7381254612
"377","Curitiba@PR",43282.3338855653,70614.8577861919
"378","Curitibanos@SC",31782.6743231131,52857.4978865746
"379","Currais Novos@RN",30588.5169183333,11704.0729935917
"380","Curralinho@PA",11114.0587030646,6337099.67443688
"381","Curuçá@PA",12534.6899266794,10215.0749288489
"382","Cururupu@MA",10829.1001906665,6345.74642538622
"383","Curvelo@MG",48864.0948102346,250411.873991207
"384","Custódia@PE",31722.8161780569,78825.1697067199
"385","Delmiro Gouveia@AL",41708.0856197507,32179.150220056
"386","Diadema@SP",27387.2321747339,89894.9691366397
"387","Diamante@PB",22683.9468016615,102592310374.392
"388","Diamantina@MG",60089.8297768849,118134.658352952
"389","Diamantino@MT",19543.0252561687,31584.2045291005
"390","Dianópolis@TO",23629.8398295507,10402.6488810613
"391","Dias d'Ávila@BA",23470.2318556012,3805.18291359676
"392","Divinópolis@MG",32564.3493207821,61448.4537297058
"393","Dois Irmãos@RS",21960.8408006705,1254.31780638258
"394","Dois Vizinhos@PR",18989.6886702868,126041.954598145
"395","Dom Pedrito@RS",23287.4856841337,2456.65770415231
"396","Dom Pedro@MA",22692.6569215828,28854.9414630062
"397","Domingos Martins@ES",30478.4486910032,2233.40725168097
"398","Dourados@MS",44166.1544562738,18249.0252663134
"399","Dracena@SP",36685.9145160659,1419427.14081639
"400","Duque de Caxias@RJ",31362.9599023791,29259.8062628132
"401","Eldorado do Sul@RS",18288.0251065782,161622.885685052
"402","Embu-Guaçu@SP",24238.5669693955,10897.773095478
"403","Embu das Artes@SP",19861.2982729249,18897.3820225043
"404","Encantado@RS",31131.8382859277,85396.0146889269
"405","Encruzilhada do Sul@RS",32752.9759110783,3265.92226999944
"406","Engenheiro Caldas@MG",30192.2872420947,4225983776.76251
"407","Entre Rios de Minas@MG",26224.6688267479,23611.7857435203
"408","Entre Rios@BA",19850.3340057569,1706.73554764249
"409","Epitaciolândia@AC",13738.1463999048,5327.8128052156
"410","Erechim@RS",26281.8408210922,65014.8284191919
"411","Ervália@MG",46012.4500954542,5466.70339493088
"412","Escada@PE",22332.6270685054,161.60602380626
"413","Esmeraldas@MG",22336.0167887839,3339.1421675837
"414","Esperança@PB",25180.1875722418,11765.416950988
"415","Esperantinópolis@MA",21652.9029827436,44621.1652880298
"416","Espigão D'Oeste@RO",26110.2199444189,9349.17971029889
"417","Espinosa@MG",48098.5484557862,2866.16419856398
"418","Esplanada@BA",14376.9559528816,3284.19570605407
"419","Espumoso@RS",26314.9337525265,24357115.4635528
"420","Estância Velha@RS",21508.4388126177,14811.7786325734
"421","Estância@SE",34026.672924246,1078769.69237209
"422","Esteio@RS",27141.3684717063,56398.9329172086
"423","Estreito@MA",17326.3442914259,11557.4597835421
"424","Estrela@RS",30075.5126353636,9387281.93088834
"425","Euclides da Cunha@BA",20907.3962960636,50830.1755058396
"426","Extremoz@RN",26794.4548115129,3310.12948688312
"427","Exu@PE",31108.4577599993,2044.21603494271
"428","Farias Brito@CE",45803.8785050987,13839.6153098295
"429","Fátima do Sul@MS",30912.6938694225,13897266.9742806
"430","Fazenda Rio Grande@PR",18567.8054830593,21549.611827943
"431","Feijó@AC",20282.3269537608,10027.4301798706
"432","Feira de Santana@BA",61878.3960302671,47240.1567681837
"433","Fernandópolis@SP",26946.5683906836,165144.725477618
"434","Ferraz de Vasconcelos@SP",20078.6682876762,27438.9371866716
"435","Floresta do Araguaia@PA",13808.8262643925,9360.75323411531
"436","Floresta@PE",23594.8916830857,188156.167801446
"437","Floriano@PI",38838.919663144,28562.6449649641
"438","Florianópolis@SC",36363.2014554575,48305.4182019505
"439","Formiga@MG",39160.0645490296,59376.0426641748
"440","Formosa da Serra Negra@MA",20751.0087398162,37159.4685731697
"441","Formosa@GO",39201.9294202766,36864.7171379527
"442","Formoso do Araguaia@TO",26472.1838201433,2705.89821068779
"443","Forquilha@CE",45678.5254746079,1605.14453121034
"444","Fortaleza@CE",86452.5827128838,416996.299376016
"445","Foz do Iguaçu@PR",31505.7490866062,134141.173354596
"446","Fraiburgo@SC",35005.0091656745,81652.4436258433
"447","Franca@SP",33983.1979009962,35974.6595256697
"448","Francisco Beltrão@PR",25958.026748571,132816.044155033
"449","Francisco Morato@SP",21526.9316730084,6474.2874430484
"450","Francisco Sá@MG",31255.5875255214,2498.67038697471
"451","Franco da Rocha@SP",22456.7174495972,15725.4271164328
"452","Frederico Westphalen@RS",24123.8987491657,24961.4477372189
"453","Frutal@MG",30393.2995452603,13914.3921149724
"454","Gandu@BA",32898.7457248103,747.421729795719
"455","Garanhuns@PE",51250.6527226617,167797.446438785
"456","Garça@SP",43350.1667823424,10314.2658262516
"457","Getúlio Vargas@RS",31044.7028280529,4217986.43641784
"458","Giruá@RS",29997.7020493753,1535.21077896373
"459","Glória do Goitá@PE",33626.1172006274,48026.1959743273
"460","Goiana@PE",29063.1090943261,5871.03811091524
"461","Goianésia do Pará@PA",19038.9757887238,29532.2796469953
"462","Goianésia@GO",28101.291253741,23697.0202248352
"463","Goiânia@GO",57948.1249861964,184840.43148866
"464","Goianinha@RN",18444.6396737456,8998.37188708625
"465","Goianira@GO",21765.3786538723,695998.901987665
"466","Goiás@GO",57701.0742253381,23745.8870674895
"467","Goiatuba@GO",29937.151863856,1783294540741.65
"468","Goioerê@PR",22509.6249617348,1425.79338492558
"469","Governador Valadares@MG",47530.6415321368,428716.407912078
"470","Grajaú@MA",21876.2648681979,7303.82682870872
"471","Granja@CE",39847.5637697349,2402.14605586375
"472","Gravatá@PE",31763.6360048204,16133.1684604865
"473","Gravataí@RS",22036.6266112945,123330.872401161
"474","Guaçuí@ES",41551.3365708476,50501.0603499282
"475","Guaíba@RS",20017.0715221087,311345.461517882
"476","Guaíra@PR",21614.4686814268,14129.9684810261
"477","Guaíra@SP",36071.0373271896,444667.749091362
"478","Guajará-Mirim@RO",15013.1246578492,25064.512942167
"479","Guanambi@BA",42732.3140391296,215712.924149753
"480","Guanhães@MG",66284.5419793303,42657.7187330087
"481","Guarabira@PB",36859.7010561749,13941.3716995648
"482","Guaraí@TO",19546.724744825,1902.74307776571
"483","Guaramirim@SC",31364.5673402958,2239.09503300825
"484","Guarantã do Norte@MT",24639.601632207,290.221288029749
"485","Guarapari@ES",50403.2851277959,66342.7857805813
"486","Guarapuava@PR",38012.3364482532,61140.532436254
"487","Guararapes@SP",30092.5542768777,71418.1377980923
"488","Guaratinguetá@SP",39742.2986970108,18153.4188179499
"489","Guaratuba@PR",18889.9145141873,521.037435946856
"490","Guarujá@SP",28870.6998911406,40427.876040811
"491","Guarulhos@SP",41665.3606853137,90429.8867200161
"492","Guaxupé@MG",26234.2167676771,2240174.05861934
"493","Gurupi@TO",50680.3776610518,434156.512319407
"494","Horizonte@CE",43913.844661087,16042.3810192029
"495","Horizontina@RS",23060.1416764362,1288.37080178323
"496","Hortolândia@SP",21533.4096211814,20957.799723476
"497","Humaitá@AM",24597.7249571015,1361.28870298676
"498","Humberto de Campos@MA",9758.28740709084,584473.936567957
"499","Ibaiti@PR",29344.8396874781,208.3286415452
"500","Ibaté@SP",29941.9655267424,2831417.03194171
"501","Ibiapina@CE",55695.0197048969,1236.13558344752
"502","Ibicaraí@BA",29203.7713524361,47051.066505415
"503","Ibimirim@PE",38920.9898491843,86078.5919973349
"504","Ibiporã@PR",32325.1384942864,11995.1456625368
"505","Ibirité@MG",28872.6626667376,2948391.64153958
"506","Ibitinga@SP",37646.515229036,263086.615744924
"507","Ibititá@BA",31846.8788353233,1849.73475943499
"508","Ibiúna@SP",28177.3756107561,87099.8308325116
"509","Icapuí@CE",27089.9818015099,16648.4158268991
"510","Icatu@MA",11118.9815763752,11673.0181094285
"511","Igaci@AL",19927.3034750596,8244.10973733602
"512","Igarapé-Açu@PA",15032.4026519163,59457.1675584431
"513","Igarapé-Miri@PA",10024.6065867328,28205.499537993
"514","Igarapé@MG",25823.2407048563,115851.099897982
"515","Igrejinha@RS",18339.6484823655,9972.35777615122
"516","Iguaba Grande@RJ",29232.360842009,7232.53428615257
"517","Iguape@SP",30915.8827016674,1581.7089521743
"518","Iguatu@CE",43271.0371027311,50030.6321548724
"519","Ilha Solteira@SP",49107.6145700105,130441.913355852
"520","Ilhabela@SP",35716.8424281945,99358.6062805183
"521","Ilhéus@BA",56941.2919246481,190723.421560538
"522","Imperatriz@MA",42889.2553671322,43080.0440441238
"523","Inconfidentes@MG",21088.5952630223,2174.74810493581
"524","Indaiatuba@SP",31914.306952755,30515.7280722474
"525","Independência@CE",36094.8659638471,4072.86911437083
"526","Indiaroba@SE",16420.5274178021,4103.58092873637
"527","Ingá@PB",28578.7201931393,37831327.1969592
"528","Inhambupe@BA",21368.6241227878,9764.17751845319
"529","Inhapim@MG",37147.1823059068,2378222.04358525
"530","Inhumas@GO",43458.7166975015,132765.544871996
"531","Ipameri@GO",31471.4649103732,35029.9576870104
"532","Ipanguaçu@RN",35100.5000757748,5417.85195896862
"533","Ipatinga@MG",51246.5766842091,111272.420222918
"534","Ipiaú@BA",26074.8807500522,40080.9578585932
"535","Ipirá@BA",36029.3430654737,15702.3821415251
"536","Ipojuca@PE",27999.901467856,10280.2501579352
"537","Iporá@GO",46157.4682672961,10985.4553026628
"538","Ipu@CE",49424.4629485574,1561033822815.88
"539","Ipueiras@CE",26431.9375554007,10120.3487885184
"540","Iracema@CE",28574.0751887521,77021.1323187984
"541","Iranduba@AM",20621.5805481807,51653.5090543914
"542","Iraquara@BA",20269.0214373547,1073.84765851425
"543","Irati@PR",53015.6867229398,18430.1019453443
"544","Irecê@BA",45933.3872753883,124797.249137536
"545","Itabaiana@PB",32560.6510416231,3039.54441969777
"546","Itabaiana@SE",48228.0501163989,43715.827381277
"547","Itabaianinha@SE",20367.8033872667,18329.952645605
"548","Itaberaba@BA",31331.1647524049,218367.179743894
"549","Itabira@MG",42007.4068175619,110421.279737056
"550","Itabirito@MG",31478.4729647233,34169.1462361444
"551","Itaboraí@RJ",28668.827577788,112021.180916443
"552","Itabuna@BA",44747.9932683057,26624.3306525833
"553","Itacajá@TO",16922.7688523107,143472053.809943
"554","Itacarambi@MG",18586.1582521091,1370.99238473639
"555","Itacoatiara@AM",22588.0540085634,1028.96064310968
"556","Itaguaí@RJ",25514.9737205018,37036.1339418742
"557","Itajubá@MG",38929.7059234894,28122.641562272
"558","Itajuípe@BA",34961.0122132311,8260.97903193347
"559","Itamaraju@BA",26496.3085694001,31950.7991560433
"560","Itamarandiba@MG",31535.9665305746,4083.5246539846
"561","Itambé@PE",28863.7535035653,4362.16767333844
"562","Itanhém@BA",44822.7128256963,1814.50206350517
"563","Itaobim@MG",29181.1676977968,6694.18217015404
"564","Itapaci@GO",35194.2465836079,1404.85980232435
"565","Itaparica@BA",24831.3348765939,167596.772171759
"566","Itapecuru Mirim@MA",15083.04185313,3.43439948253383
"567","Itapema@SC",28895.600443991,16480.2394155054
"568","Itapemirim@ES",34052.2108734306,36091.9498526815
"569","Itaperuna@RJ",38751.4263306187,71835.3402000983
"570","Itapetinga@BA",51126.9812215983,8988.2228330127
"571","Itapetininga@SP",30240.3624938629,5226.03038357795
"572","Itapeva@SP",25557.6637066141,584566.074492872
"573","Itapevi@SP",23798.6079354475,21675.3477750684
"574","Itapipoca@CE",67747.2795423079,241074.149843909
"575","Itapira@SP",27876.6555691186,3585.50576439224
"576","Itapiranga@SC",19325.0259881792,2871799937.86742
"577","Itaporanga d'Ajuda@SE",13733.8865655246,45077.4938134659
"578","Itaporanga@PB",33971.5222183354,124816.514708829
"579","Itapororoca@PB",39251.6036485912,2534.13091306449
"580","Itapuranga@GO",50738.2020545991,68436.4577984503
"581","Itaquaquecetuba@SP",21915.5077597619,16259.779448865
"582","Itaqui@RS",24123.2817895447,131897.303142981
"583","Itaquiraí@MS",23496.072627375,6784.66363775045
"584","Itararé@SP",23912.0334673866,95132.7077604201
"585","Itarema@CE",40629.8397877206,25.1099423841172
"586","Itatiba@SP",38069.1617090893,26108.5191234645
"587","Itatira@CE",20090.0631215587,1359.5190962603
"588","Itaúna@MG",31148.0354431166,44363.3104448807
"589","Itinga do Maranhão@MA",20074.4765228092,3341.38950492299
"590","Itiquira@MT",12845.2249302475,34699.5069921419
"591","Itu@SP",35925.5756669767,40767.1734114599
"592","Ituberá@BA",19335.4655633704,127410.384954255
"593","Ituiutaba@MG",40760.8868578265,24639.4769700382
"594","Itumbiara@GO",33385.6406861108,10026.9351222936
"595","Itupeva@SP",33817.150446308,36413.3565780017
"596","Ituporanga@SC",27167.3061332237,81686.01006387
"597","Iturama@MG",29355.0177115844,18785.2808900977
"598","Ituverava@SP",57712.9219565538,1536.54065532188
"599","Ivaiporã@PR",30190.0361962937,5928.76632270084
"600","Ivinhema@MS",18933.2748451919,7810.40321115862
"601","Ivoti@RS",24932.0143053399,1094.31322278406
"602","Jaboatão dos Guararapes@PE",41344.8798362406,40693.2021261685
"603","Jaboticabal@SP",35150.8239460688,2872476.87944849
"604","Jacaraú@PB",19394.958384179,15148.5095572425
"605","Jacarezinho@PR",32664.1847193556,4173.33035269741
"606","Jaciara@MT",45373.1870969166,2714.13543737069
"607","Jacundá@PA",16546.9651383788,1491.40036681311
"608","Jaguaquara@BA",27145.8112282204,326331.737022868
"609","Jaguarão@RS",29501.1605490066,5981237.58881227
"610","Jaguaré@ES",57439.9314372877,49086.9426195145
"611","Jaguariaíva@PR",24673.8830403209,1237352.82502562
"612","Jaguaribe@CE",55093.3659120863,116265.293412435
"613","Jaguariúna@SP",33277.6300197597,51079784.9366746
"614","Jaíba@MG",24949.1782564558,5294.13771974548
"615","Jales@SP",28477.5919853028,11499.9093748862
"616","Janaúba@MG",41863.3776139216,27159.7592803828
"617","Jandaia do Sul@PR",34146.9377029999,23262.1380508589
"618","Jandira@SP",25587.5881514599,12338.7470519921
"619","Januária@MG",49487.9961973421,387157.912989339
"620","Japaratuba@SE",21371.8283607351,8102.66616943018
"621","Japeri@RJ",19663.9492392863,2622.28538180356
"622","Jaraguá do Sul@SC",27901.5768512095,40978.855115106
"623","Jaraguá@GO",27982.9559530795,2439074.95077702
"624","Jardim de Piranhas@RN",40843.9427582933,15901885.2894323
"625","Jardim@CE",32310.6378900475,1855.81288805992
"626","Jaru@RO",14134.0607337907,50009.9865552467
"627","Jataí@GO",48820.9782563044,4795198.548993
"628","Jequié@BA",50058.0103946225,13963455.8909487
"629","Jeremoabo@BA",24045.7124760579,14017.684041189
"630","Ji-Paraná@RO",19848.9987643671,7500.22912035734
"631","Jiquiriçá@BA",38851.167157447,7097.16433860992
"632","Joaçaba@SC",25169.4656048256,97616.4377687437
"633","João Câmara@RN",24167.200399126,8516.86550187465
"634","João Dourado@BA",30870.1710220387,443.583249976732
"635","João Lisboa@MA",18543.9285630326,8238.85434324093
"636","João Monlevade@MG",35572.6356390272,71429.0570031235
"637","João Neiva@ES",52770.9977084035,2237.81970944761
"638","João Pessoa@PB",64224.1885290051,147259.670422837
"639","João Pinheiro@MG",41027.2111768637,148020.054602754
"640","Joinville@SC",27369.5148001297,68548.5429879827
"641","José Bonifácio@SP",38395.8224475092,3721343.9897933
"642","José de Freitas@PI",20177.5651095154,9214.08892521897
"643","Juara@MT",19884.2518901488,669661.0656553
"644","Juazeirinho@PB",24532.7531406565,1842.60140620639
"645","Juazeiro@BA",44576.5028997256,50836.2973587355
"646","Jucurutu@RN",36556.4132138431,5056.37503895143
"647","Juiz de Fora@MG",49001.6376703083,111514.480644538
"648","Jundiaí@SP",34986.1719199154,33538.7277782856
"649","Juquitiba@SP",21378.5567940178,251271870.770951
"650","Juruti@PA",17477.8546502849,124042.970815053
"651","Jussara@GO",42100.9457371403,85116.5584416378
"652","Ladainha@MG",21841.0699233413,5981.29545578791
"653","Ladário@MS",25913.652084963,1924.31178580695
"654","Lagarto@SE",35757.1613597923,1923837.68148667
"655","Lages@SC",34619.4784131476,466987.192356761
"656","Lago da Pedra@MA",21538.6556637865,62988.9572414553
"657","Lagoa da Prata@MG",29844.2547608614,22560.7984809905
"658","Lagoa de Itaenga@PE",34635.8387799833,5765.97445719278
"659","Lagoa Grande@PE",28341.8674401012,604083.539714778
"660","Lagoa Santa@MG",46325.2683325975,1354658.49974259
"661","Lagoa Vermelha@RS",26535.4775994975,349893.389231944
"662","Laguna@SC",30728.2221629918,370801.049788516
"663","Lajeado@RS",32260.7303211884,19120.3439241693
"664","Lajedo@PE",27377.8776470885,286602.155766916
"665","Lambari@MG",23028.7161364263,526182.145996617
"666","Lapa@PR",32063.0619692846,36931.4238534488
"667","Lapão@BA",22297.6345761589,164646.790333469
"668","Laranjal do Jari@AP",14037.9182539594,25218.0821439978
"669","Laranjeiras do Sul@PR",36799.4877532501,2150.10047155318
"670","Lauro de Freitas@BA",60528.2375819073,220071.487815545
"671","Lavras da Mangabeira@CE",57584.4399656303,79140.8309126907
"672","Lavras@MG",47114.0841457788,131279.339988214
"673","Leme@SP",33249.9825067917,7865.69235439772
"674","Lençóis Paulista@SP",30194.2939989149,6060.63147085949
"675","Leopoldina@MG",37859.7309466389,174090.026303995
"676","Lima Duarte@MG",32209.0222055539,5576.73361994527
"677","Limeira@SP",28100.6946734983,31882.962370477
"678","Limoeiro do Ajuru@PA",11249.6435434779,2866.65581574735
"679","Limoeiro do Norte@CE",48700.3545685214,20723.3069804361
"680","Linhares@ES",48498.2647821559,112379.614329056
"681","Lins@SP",36206.6107938414,8497.75884298709
"682","Livramento de Nossa Senhora@BA",42322.0375781424,4295.12993830328
"683","Loanda@PR",23669.309128122,8256.52074999211
"684","Londrina@PR",45395.0668236984,169783.379533077
"685","Lontra@MG",20614.7185892483,6841.72315235223
"686","Lorena@SP",47266.4237224493,146695.416629428
"687","Lucas do Rio Verde@MT",27194.4181846463,79726.9113760581
"688","Luís Eduardo Magalhães@BA",32778.6501614216,6305.70503748044
"689","Luís Gomes@RN",25866.8096344665,5866.53347588723
"690","Luz@MG",37153.6264052776,2943.05204112244
"691","Luziânia@GO",26432.3173277911,8979.62833666998
"692","Macaé@RJ",41286.5672965857,64524.1593494115
"693","Macaíba@RN",32133.1323398481,18615.8141557883
"694","Macapá@AP",25751.128954947,150705.253361602
"695","Macaparana@PE",37320.0595350736,36984.662780345
"696","Macau@RN",51752.2041192732,89923286464.7721
"697","Macaúbas@BA",25387.4994482429,17957.4516308762
"698","Maceió@AL",58944.1044148197,342074.096542459
"699","Machacalis@MG",30527.097870797,279744660.541037
"700","Machadinho D'Oeste@RO",25577.29445014,88540.2753582251
"701","Machadinho@RS",21489.6620553688,2735988861.63042
"702","Machado@MG",30240.3619546248,83820.8152847039
"703","Mãe do Rio@PA",12649.512471742,1783.58854851445
"704","Mafra@SC",36108.7928656678,6079.72811240549
"705","Magé@RJ",33991.4678971788,67562.2922376931
"706","Mairinque@SP",23015.4002837555,20954.6154720377
"707","Mairiporã@SP",32485.2205738117,5497786.08082823
"708","Mamanguape@PB",24295.947684689,38565.9833452314
"709","Manacapuru@AM",14873.2523520713,9348.20110682843
"710","Manaus@AM",33007.5175135457,26951.1734731859
"711","Mâncio Lima@AC",9662.55919920154,7083.65978590403
"712","Mandirituba@PR",19300.8221046196,0.499515375791488
"713","Manga@MG",18250.4450300748,9832387.61892867
"714","Manhuaçu@MG",47012.3919738507,46666.4533324032
"715","Manhumirim@MG",29371.6407103999,34955.8492567406
"716","Mantena@MG",27769.5259175119,27468.0036558784
"717","Marabá@PA",29121.6468709166,106872.530333051
"718","Maracaçumé@MA",12569.0774585883,6980.0646772269
"719","Maracaju@MS",24714.2033471039,115820.987685142
"720","Maracás@BA",25947.5229797079,1868800.13700575
"721","Maragogipe@BA",15292.4347742379,1457.44688119053
"722","Maranguape@CE",35439.8195468454,8821.02670646625
"723","Marau@RS",22582.3725691882,14236.6422718659
"724","Maravilha@SC",21205.1745688401,912695.879303687
"725","Marco@CE",35925.1708968504,2384.0967669589
"726","Marechal Cândido Rondon@PR",21953.9404505129,5095.18052931336
"727","Marechal Deodoro@AL",47516.1974006947,452323.076977405
"728","Mari@PB",27899.6027549875,4489.31008713724
"729","Marialva@PR",32155.3525134171,8621.54444451501
"730","Mariana@MG",42226.9001436895,252223.01556226
"731","Maricá@RJ",32757.4037036313,23521.2526934516
"732","Marília@SP",41029.1407032725,20638.5147700459
"733","Maringá@PR",41410.6467277187,68502.7114392524
"734","Marituba@PA",15867.2811296786,19141.2843213379
"735","Maruim@SE",23581.1915486937,73290.3116568832
"736","Massapê@CE",31556.9041222244,23103.8711620554
"737","Matão@SP",24310.8909260307,28425.9640814108
"738","Mateus Leme@MG",23323.3280090432,21173.737513163
"739","Matinha@MA",10377.4705280581,3267.33985099051
"740","Matinhos@PR",22589.3633630434,3657.97767071636
"741","Matozinhos@MG",35068.1568394018,1137650.99615667
"742","Mauá da Serra@PR",25720.836819803,21775.4503327047
"743","Mauá@SP",28315.5974147018,35968.0358207389
"744","Maués@AM",16054.5270500447,13593.5334429714
"745","Mauriti@CE",46108.759948166,39730.4461515032
"746","Mazagão@AP",17587.3174978311,113901921465.676
"747","Medeiros Neto@BA",20123.0614051476,1457.30812477737
"748","Medianeira@PR",24851.2866551755,18050.8003199238
"749","Mesquita@RJ",36670.7731460546,53895.2949904854
"750","Miguel Calmon@BA",26254.8493933661,23740220907.8766
"751","Milagres@CE",44598.8559582152,2275.15508927148
"752","Mimoso do Sul@ES",45324.5444846617,17342.1510538827
"753","Minaçu@GO",27901.6917610376,30508.7541224256
"754","Minas Novas@MG",30414.2022474046,42267.7295007866
"755","Mineiros@GO",45666.1349975897,760087.123052832
"756","Miracatu@SP",31204.4934484817,78319.7541699328
"757","Miracema do Tocantins@TO",26776.8021996498,448687.107730083
"758","Miranda@MS",23438.6157635613,66452.7455554826
"759","Mirandiba@PE",21953.73053775,86644.3399051255
"760","Mirandópolis@SP",39440.1627798309,752.444969136548
"761","Mirante da Serra@RO",17260.0807053048,2245.11262917873
"762","Mirante do Paranapanema@SP",32978.6462081683,1515.21080748982
"763","Mirassol d'Oeste@MT",22441.6452004729,1554.53884189781
"764","Mirassol@SP",27591.1072893349,129656972.189893
"765","Mirinzal@MA",10835.0302686571,480.463789225036
"766","Missão Velha@CE",70584.7543013064,752125.231067723
"767","Mocajuba@PA",13227.2915677012,715.843377171282
"768","Mococa@SP",27568.5655150006,338099.153793645
"769","Mogi das Cruzes@SP",37146.3646357281,261655.123963536
"770","Mogi Guaçu@SP",25465.8331011803,44262.6983541208
"771","Moju@PA",15456.980703844,4660.65271645191
"772","Mombaça@CE",38113.6886139569,11517.2908238453
"773","Monsenhor Gil@PI",19341.4854223503,1540.21524829815
"774","Monsenhor Tabosa@CE",21217.9176360512,15420.7489889462
"775","Montanha@ES",34596.9877298928,103323.141180735
"776","Monte Alegre@PA",16026.0910405162,1217.86517903103
"777","Monte Alto@SP",26065.7640138771,17266.28307093
"778","Monte Aprazível@SP",35125.1579822511,17874.2434557334
"779","Monte Azul@MG",102627.188518435,9539.87184324515
"780","Monte Carmelo@MG",40160.1476356265,13068.9155382172
"781","Monte Mor@SP",22693.9514161482,6609.98125031365
"782","Monte Negro@RO",18233.0808634805,47190628.5592299
"783","Monte Sião@MG",24791.2744798604,263434.025663006
"784","Monteiro@PB",29403.2438964144,30479.1091447839
"785","Montenegro@RS",20903.5547373034,46656.8583769424
"786","Montes Altos@MA",20348.9567440329,934.560172529641
"787","Montes Claros@MG",44290.265364843,209562.237615551
"788","Morada Nova@CE",45892.4347242997,221054.406680938
"789","Moreno@PE",25344.6240324365,14316.0826664762
"790","Morrinhos@GO",41186.0646336154,76329.0510813404
"791","Morro do Chapéu@BA",24226.9559200902,134526.100592228
"792","Mossoró@RN",43136.1154622659,55040.4983360768
"793","Mostardas@RS",11557.4034589351,86934.549139042
"794","Muriaé@MG",38447.340275473,81298.1688417231
"795","Muritiba@BA",45101.7612483161,10348.0121554497
"796","Mutuípe@BA",30761.3310302951,13500.3589607293
"797","Mutum@MG",26634.6652141181,13825.4974559303
"798","Muzambinho@MG",22514.5503078278,12252.8745389101
"799","Nanuque@MG",25153.8013801453,9337.57612403795
"800","Natal@RN",56190.244003122,161423.057806769
"801","Natividade@TO",13294.2972108544,10952851.4110977
"802","Navegantes@SC",19798.2781906577,33118.9013869623
"803","Naviraí@MS",20497.7305099142,16837.3769549182
"804","Nazaré da Mata@PE",28150.9868983356,41499.6570391885
"805","Nazaré@BA",21028.0125511534,4060.37273881991
"806","Neópolis@SE",17551.3197759497,3983.09881496048
"807","Nepomuceno@MG",39511.4785615,47703.1347164541
"808","Nerópolis@GO",33107.6547912054,23692.7811937754
"809","Nilópolis@RJ",41169.2957486425,40884.0147272592
"810","Niquelândia@GO",21229.3912122737,23528.0169445184
"811","Nísia Floresta@RN",19702.2096982598,8473.31927860006
"812","Niterói@RJ",57176.4074936932,73681.7632569797
"813","Nossa Senhora da Glória@SE",28934.8398895665,4696.07015717846
"814","Nossa Senhora das Dores@SE",22670.6100079037,14903.2835538945
"815","Nossa Senhora do Socorro@SE",27114.3058559686,25590.0249231098
"816","Nova Andradina@MS",21773.8864134385,3162.77149690628
"817","Nova Brasilândia D'Oeste@RO",18144.7857882841,46599.4440048278
"818","Nova Cruz@RN",39164.0959857666,11207.240916255
"819","Nova Era@MG",39926.238982261,89461.1752011948
"820","Nova Esperança@PR",46190.7605449469,5.48512684285605
"821","Nova Friburgo@RJ",34173.9710084228,96096.0371552131
"822","Nova Iguaçu@RJ",38279.7550996345,45983.4411980237
"823","Nova Lima@MG",50326.6656123785,58324.9865716913
"824","Nova Odessa@SP",19735.6539261883,23110.9730560089
"825","Nova Olímpia@MT",17310.6134304576,205517.044196215
"826","Nova Olinda do Norte@AM",10440.9012406428,266.047515255638
"827","Nova Olinda@CE",23733.4634857556,112127.720647319
"828","Nova Petrópolis@RS",18668.5814540603,9351.61417358785
"829","Nova Prata@RS",23243.5647037046,39398.2098409373
"830","Nova Russas@CE",39999.9721435316,3543.37103647555
"831","Nova Serrana@MG",22901.1818356574,7984.0986614921
"832","Nova Viçosa@BA",44688.5595724495,8506679673710.8
"833","Nova Xavantina@MT",22649.0029682676,16391.9275833306
"834","Novo Acordo@TO",10051.5265448338,736.019829567772
"835","Novo Gama@GO",20264.2542756773,21797.9969748963
"836","Novo Hamburgo@RS",30630.1115099438,104084.456788611
"837","Novo Horizonte@SP",29017.7722036297,14120.6304239796
"838","Novo Progresso@PA",26915.1876548576,37573150209.3651
"839","Novo Repartimento@PA",15096.9287921137,2897.23094462286
"840","Óbidos@PA",15047.9885126471,3993.26873102022
"841","Oeiras do Pará@PA",11157.6401248688,80952.3797901931
"842","Oiapoque@AP",8258.37171214876,37128.7232887846
"843","Olho d'Água das Flores@AL",20379.2362360368,2306.78750830968
"844","Olímpia@SP",29037.9445893088,153062.954325671
"845","Olinda@PE",52182.8342440804,34047.3758418071
"846","Oliveira dos Brejinhos@BA",15006.1630600527,11498.4645582086
"847","Oliveira@MG",31326.0427275932,2813841.41415369
"848","Oriximiná@PA",13392.8366636865,11510.1242594557
"849","Orlândia@SP",36115.3998372765,11284.5587668623
"850","Orleans@SC",31301.0307490128,2419.69553694546
"851","Orobó@PE",25224.7340595981,6819.59161798331
"852","Orós@CE",23988.4680100811,592.338281332257
"853","Osasco@SP",39641.6969864419,146021.157588791
"854","Osório@RS",21677.7394439747,8259.74925697276
"855","Osvaldo Cruz@SP",29779.0017918652,11778.79135406
"856","Ouricuri@PE",43468.9150050726,2286.406193096
"857","Ourinhos@SP",38499.8077924254,23957.918326857
"858","Ouro Branco@MG",35978.7963453274,699414.00614384
"859","Ouro Preto do Oeste@RO",20649.5678458981,109306.024397646
"860","Ouro Preto@MG",88092.226265476,78849.921846141
"861","Pacajá@PA",11191.6549287915,23.3085642949281
"862","Pacajus@CE",49081.2785433747,11308.5600013666
"863","Pacatuba@CE",30812.7767315994,530798.674102766
"864","Paço do Lumiar@MA",23685.1812516944,19786.2683935008
"865","Pacoti@CE",29519.6586379122,0.470509647233026
"866","Palhoça@SC",25464.0550307213,17692.4215781205
"867","Palmares@PE",26785.8716426519,5061.88447000617
"868","Palmas de Monte Alto@BA",22856.2995006388,6251.64380111754
"869","Palmas@PR",19019.0818152794,12337.9520180714
"870","Palmas@TO",48490.5774732426,187913.616794134
"871","Palmeira das Missões@RS",17192.3831444999,39136.5122223773
"872","Palmeira@PR",28364.5867142772,4742733.28619415
"873","Palmeirópolis@TO",24898.4092085266,1471922742115.97
"874","Palmitos@SC",31346.9056973826,10585.8505363789
"875","Palotina@PR",34208.981210194,4871.23649021727
"876","Panambi@RS",19893.9459242213,7320.86885999403
"877","Panelas@PE",32381.8476431589,320785.427184694
"878","Pará de Minas@MG",41386.5353001696,102986.510919758
"879","Paracambi@RJ",36013.5256302901,9289.93164278919
"880","Paracatu@MG",73102.586526041,73814.0238362127
"881","Paragominas@PA",24331.6453424343,7242.96680571738
"882","Paraguaçu Paulista@SP",33273.4601489985,22160.854919882
"883","Paraíba do Sul@RJ",39024.7466014928,9314.19694567693
"884","Paraíso do Tocantins@TO",22099.3090717929,1984.67232882349
"885","Parambu@CE",35035.5227897617,3643.00985865352
"886","Paranaguá@PR",39974.7555383071,16432.9800202886
"887","Paranaíba@MS",42392.4019835568,1693.60204699941
"888","Paranatinga@MT",21525.7746123766,2546.61139902264
"889","Paranavaí@PR",30642.3809880377,5583185.9517164
"890","Paraopeba@MG",33805.6958287336,78632.9475161246
"891","Parauapebas@PA",24331.4744033618,192341.766577419
"892","Parelhas@RN",56190.630449616,48912.9590212128
"893","Paripiranga@BA",26630.2558173785,3269.88922885815
"894","Parnaíba@PI",45179.2673341455,42467.2536793468
"895","Parnamirim@PE",32773.7575790711,1602682.6109922
"896","Parnamirim@RN",38243.5502930533,19092.073421825
"897","Parnarama@MA",21635.1850461309,39898.6353093093
"898","Parobé@RS",13998.4510825606,136088.545657098
"899","Passira@PE",38649.396409966,24579576191110.7
"900","Passo Fundo@RS",36811.5020580311,102128.517874613
"901","Passos@MG",38045.2722736766,444967.09572783
"902","Pato Branco@PR",36167.3534695937,104746.681988354
"903","Patos de Minas@MG",30440.6746785668,129982.978385395
"904","Patos@PB",43810.9074362651,75782.8229001508
"905","Patrocínio@MG",36562.9474035691,297210.887511027
"906","Patu@RN",31008.0665997631,3339542.87704163
"907","Pau dos Ferros@RN",62248.3656074531,426818.229667905
"908","Paudalho@PE",30737.2029868664,2850.95665719434
"909","Paulínia@SP",30754.015310556,599768.016339572
"910","Paulista@PE",36332.316617656,24590.7544933321
"911","Paulo Afonso@BA",40226.1012672751,19744.5465597186
"912","Pederneiras@SP",41057.995064049,72383.4243739509
"913","Pedra Branca@CE",36365.7681920187,31956.9198552851
"914","Pedreira@SP",27046.756005649,28041.2102768864
"915","Pedreiras@MA",26874.9232574303,4030.59526867599
"916","Pedro Canário@ES",24185.1429518455,23980.4114364338
"917","Pedro II@PI",25482.9201566579,82459.9711196711
"918","Pedro Leopoldo@MG",38366.3051093059,27847.4397113442
"919","Pelotas@RS",32780.5975916435,69140.564476331
"920","Penápolis@SP",30197.4563679839,15556.3166137248
"921","Penedo@AL",29200.4722281497,5960.60301237002
"922","Pentecoste@CE",42635.8827811062,344675.068768748
"923","Pereira Barreto@SP",32535.2205997769,110.313909618278
"924","Peruíbe@SP",27078.5440096463,6845.1015597208
"925","Petrolândia@PE",28807.7142960411,2020.34632225276
"926","Petrolina@PE",55836.6456842297,118313.340314842
"927","Petrópolis@RJ",52079.4989705042,34131.9195345703
"928","Piancó@PB",26759.3379619281,543.812858217694
"929","Picos@PI",48440.6107229157,114446.832736249
"930","Picuí@PB",29601.8092909257,74565.255727732
"931","Piedade@SP",25466.9961745473,465.946439249216
"932","Pilar do Sul@SP",30967.9581756921,200326.908829333
"933","Pilar@AL",17928.0276320038,78634.4978400212
"934","Pimenta Bueno@RO",17978.2721312335,29987.2177836285
"935","Pindamonhangaba@SP",35476.7673798223,242248.581127743
"936","Pindaré-Mirim@MA",19689.4482638437,20092.3810589117
"937","Pindobaçu@BA",28640.0007922878,3390258.35718884
"938","Pindoretama@CE",44918.4303996511,651124079535.24
"939","Pinheiros@ES",40019.5543892657,19119.5409967869
"940","Pio IX@PI",25305.3543618127,0.627132486210545
"941","Piracanjuba@GO",27837.7427032819,7271006.26600432
"942","Piracicaba@SP",32294.1876027234,50449.7159830252
"943","Piracuruca@PI",40138.583054645,5402.62590447701
"944","Piraju@SP",24741.76349365,2962.86460076518
"945","Piranga@MG",35488.0299230714,8204.54128659514
"946","Pirapora@MG",35233.6322275646,2950623.54591166
"947","Piraquara@PR",29832.6123353337,64749.0655170077
"948","Pirassununga@SP",31447.6653382089,23531.1535266638
"949","Piratini@RS",16179.0904417909,65382.7043681769
"950","Pirenópolis@GO",23695.7670160831,2200.88987681995
"951","Piripiri@PI",31347.2976766155,66863.7246970273
"952","Pitanga@PR",17432.9723629261,343438.962317802
"953","Pitangui@MG",46581.3267674373,52144.7695796203
"954","Piumhi@MG",47351.0029779842,562014.843166968
"955","Plácido de Castro@AC",10619.4905332278,18870.9700878588
"956","Planaltina@GO",17570.8689940134,9058.88423451043
"957","Poá@SP",28024.9131639444,144696.15646309
"958","Poço Verde@SE",27068.3993632405,36883.2397315661
"959","Poções@BA",21976.5163944347,170221.382857184
"960","Poconé@MT",24696.6605440725,3249.14255039919
"961","Poços de Caldas@MG",32566.5884273115,17163.2342196342
"962","Pojuca@BA",35568.3596118248,6280.35142703216
"963","Pombal@PB",46826.4610625428,14011.4486840589
"964","Ponta de Pedras@PA",15750.2573000362,6796.79446555901
"965","Ponta Grossa@PR",34445.7696083582,66293.5953617528
"966","Ponta Porã@MS",24082.7677498634,9806.84615007275
"967","Pontal@SP",31012.5462023083,4440.66350697706
"968","Pontes e Lacerda@MT",23752.884977543,482012.160587527
"969","Porangatu@GO",31245.0844259519,686475.912466444
"970","Portalegre@RN",24248.7925095457,1639641.65744665
"971","Porteirinha@MG",37044.5225779674,99410.6969450022
"972","Portel@PA",11492.6478066876,10223.3871945893
"973","Porto Acre@AC",14474.3818791088,2249417.90710117
"974","Porto Alegre@RS",41893.6225520188,121707.76655774
"975","Porto Calvo@AL",21959.4991257333,4479.35432473221
"976","Porto da Folha@SE",27845.1257288755,12893.5907638313
"977","Porto Feliz@SP",26856.7380124724,0.186961398095705
"978","Porto Franco@MA",17718.2351786706,45779.884051446
"979","Porto Grande@AP",9161.62306027999,2181.70661410166
"980","Porto Nacional@TO",47155.539553934,27757.1560456114
"981","Porto Seguro@BA",31296.3605490353,22850.6751307518
"982","Posse@GO",23431.6498218902,9814.04909301479
"983","Pouso Alegre@MG",38511.1706657897,28121.6167049951
"984","Praia Grande@SP",28405.3199771541,16954.1178393052
"985","Presidente Dutra@MA",24592.0172524573,5398.15167174743
"986","Presidente Epitácio@SP",24038.294217862,11114.241810908
"987","Presidente Figueiredo@AM",14132.8724303604,23407756.9832099
"988","Presidente Prudente@SP",41580.0119666108,1341580.68395095
"989","Presidente Venceslau@SP",46577.0068891151,83067.5975660095
"990","Primavera do Leste@MT",38848.1204439344,34756.2863684091
"991","Promissão@SP",39788.6445442487,16637.3492973582
"992","Propriá@SE",30714.7911918253,6637.87154901704
"993","Prudentópolis@PR",26826.6792417275,23637.8009934247
"994","Quaraí@RS",22054.3684201094,131094674559862
"995","Queimadas@PB",28558.0506279756,193908.810643579
"996","Querência@MT",24229.9135268457,7378858337672.54
"997","Quilombo@SC",22585.2100750561,327118029186.296
"998","Quirinópolis@GO",43546.3190472394,12724.4484024054
"999","Quissamã@RJ",21249.7146152971,14147.6542783403
"1000","Quiterianópolis@CE",24069.8694589528,4399.57610218573
"1001","Quixadá@CE",42472.4028112411,83740.1802114511
"1002","Rancharia@SP",36054.8426222143,1756349.86843738
"1003","Raposa@MA",25549.7923964089,26798.7299419601
"1004","Realeza@PR",29271.6208408185,23140300.0086982
"1005","Recife@PE",90136.5442089495,246165.988083619
"1006","Redenção@CE",24345.6091563868,9434.7451929805
"1007","Redenção@PA",16775.9445253532,5395.51744921561
"1008","Regeneração@PI",17482.1604913119,6930.88337919724
"1009","Registro@SP",35840.156284426,16223.717196209
"1010","Remanso@BA",37952.1637015938,163.619241925903
"1011","Resende@RJ",42336.2588000848,22883.7438809749
"1012","Riachão das Neves@BA",18143.1834693456,2823.78781796337
"1013","Riachão do Jacuípe@BA",32829.895922524,457095.799147307
"1014","Riacho de Santana@BA",38078.7006891551,1250104.38000897
"1015","Riachuelo@SE",13513.5542139013,11948.9740441875
"1016","Ribas do Rio Pardo@MS",23024.9268005164,13743.9342104701
"1017","Ribeirão das Neves@MG",21249.6427166893,10680.9822909903
"1018","Ribeirão Pires@SP",33249.7928331066,4755.51480724602
"1019","Ribeirão Preto@SP",44397.2401190752,114425.992895796
"1020","Ribeirão@PE",29538.4046619892,9355.52497486314
"1021","Rio Bonito@RJ",34928.6096836501,9941561.44533402
"1022","Rio Branco do Sul@PR",30868.3550259672,18179.0817155976
"1023","Rio Branco@AC",28481.3441664407,28203.4400442274
"1024","Rio Brilhante@MS",26889.3759428217,94252498768392.2
"1025","Rio Claro@SP",34363.1562189911,30765.7130465315
"1026","Rio das Ostras@RJ",30354.795419785,28897.9069161992
"1027","Rio de Contas@BA",29983.8524756015,1469.7068247254
"1028","Rio de Janeiro@RJ",51998.3508184503,164202.697191261
"1029","Rio Formoso@PE",34311.2431643959,1151.97675490116
"1030","Rio Grande da Serra@SP",24990.4614613626,1185.38546277424
"1031","Rio Grande@RS",32909.2949214854,114047.073325957
"1032","Rio Largo@AL",24513.6728032531,10040.7547373064
"1033","Rio Negrinho@SC",24278.8141424233,2347.12721532895
"1034","Rio Negro@PR",21938.9866315642,18579397996.7187
"1035","Rio Pardo de Minas@MG",35677.6956745726,241472079390248
"1036","Rio Preto da Eva@AM",18915.6874773308,0.130310539108993
"1037","Rio Real@BA",23039.117808365,228.060452872981
"1038","Rio Tinto@PB",17716.5603040597,2009.35823159298
"1039","Rio Verde@GO",51004.7790958118,41630.9787021413
"1040","Rolândia@PR",38263.4025443708,7137.34074988444
"1041","Rolim de Moura@RO",20882.9343779389,26765.3502762443
"1042","Rondon do Pará@PA",22869.7277952482,11063.0114826225
"1043","Rosário do Sul@RS",25045.5615953175,83652.1760313029
"1044","Rosário Oeste@MT",25644.9110427851,3227.95651137362
"1045","Rosário@MA",15011.2605511926,1585.76367891705
"1046","Rurópolis@PA",18992.504424129,8823.14921429286
"1047","Russas@CE",48033.5777083858,400777.143286851
"1048","Ruy Barbosa@BA",35650.0572862376,44616.8671191837
"1049","Sabará@MG",32881.4311984322,345125.28119917
"1050","Salgueiro@PE",58962.8277696016,241765.437587533
"1051","Salinas@MG",48382.7920751704,59591.7879521308
"1052","Salinópolis@PA",14122.3415639313,27945.9919762492
"1053","Salto de Pirapora@SP",28975.6154451795,10284.0904456232
"1054","Salto@SP",29003.8531331868,263204.236656865
"1055","Salvador@BA",62938.7492762298,126869.801645135
"1056","Salvaterra@PA",12965.7948573531,478.222797383405
"1057","Sant'Ana do Livramento@RS",22763.1398242268,14310.798759437
"1058","Santa Bárbara d'Oeste@SP",27982.4409476152,21191.7276685004
"1059","Santa Bárbara@MG",30153.5502721517,54382018.8462894
"1060","Santa Cruz do Rio Pardo@SP",28325.0992995282,4256472.8671787
"1061","Santa Cruz do Sul@RS",33373.5093117671,338174.566739628
"1062","Santa Cruz@RN",36435.5856327292,4260.40157242203
"1063","Santa Fé do Araguaia@TO",15947.9847817674,2015845118.49223
"1064","Santa Fé do Sul@SP",33099.1927202613,6938.2296999042
"1065","Santa Helena@PR",23265.2453216626,4073.23246662951
"1066","Santa Isabel@SP",29439.6485330063,1299.87994541648
"1067","Santa Izabel do Pará@PA",16051.4563129152,4054.41741450977
"1068","Santa Luzia@MA",16898.9638137266,2640.6030248158
"1069","Santa Luzia@MG",29655.2530757235,234158.386110461
"1070","Santa Luzia@PB",29334.1033098786,10261.7149751311
"1071","Santa Maria da Boa Vista@PE",19697.8207207178,4250.63628472355
"1072","Santa Maria da Vitória@BA",27562.2758670519,9634.87217598987
"1073","Santa Maria de Jetibá@ES",25858.7501638683,8360.64415612665
"1074","Santa Maria do Suaçuí@MG",37882.1088261701,3785.31122660251
"1075","Santa Maria@RS",38094.1603542141,203799.232049798
"1076","Santa Quitéria@CE",33050.0329789721,3820.97323633927
"1077","Santa Rita de Cássia@BA",21863.0813174843,205861.565994538
"1078","Santa Rita do Sapucaí@MG",30668.0679870169,7649.64234710805
"1079","Santa Rita@MA",24975.1020263612,9252.97789597513
"1080","Santa Rita@PB",21080.52712663,35304.9174445801
"1081","Santa Rosa de Viterbo@SP",36329.771114948,6695.07545134815
"1082","Santa Teresa@ES",35319.6265498023,27935.5650728182
"1083","Santa Terezinha de Itaipu@PR",30395.0215091657,166987.304674875
"1084","Santa Vitória do Palmar@RS",18975.5951384412,67689.7679459361
"1085","Santaluz@BA",24489.6151029414,4232.51606499451
"1086","Santana de Parnaíba@SP",62149.5383994887,289415.261421197
"1087","Santana do Acaraú@CE",32377.4971044681,336156.412745829
"1088","Santana do Araguaia@PA",14556.0280836801,901.546732554758
"1089","Santana@AP",15179.0988526529,4536.45267619125
"1090","Santana@BA",29532.2839712318,2213.57035238319
"1091","Santarém@PA",28141.8226030982,10355.2878190224
"1092","Santiago@RS",25738.2410046643,22350.5788242095
"1093","Santo Amaro@BA",20569.6392685453,73597.462418559
"1094","Santo André@SP",39399.3249384063,32159.9560624199
"1095","Santo Ângelo@RS",29275.5342337844,107970.093927709
"1096","Santo Antônio da Patrulha@RS",22524.5574265537,135194.67087127
"1097","Santo Antônio da Platina@PR",32070.1429686863,2639.61353840236
"1098","Santo Antônio de Pádua@RJ",38928.450876559,4654.81623490986
"1099","Santo Antônio do Descoberto@GO",18295.9589736274,18270.6744269742
"1100","Santo Antônio do Leverger@MT",26136.8019454035,9633721711.02338
"1101","Santo Antônio@RN",30821.9134903262,11182.6783882352
"1102","Santo Estêvão@BA",21565.7679987105,75525.1283545359
"1103","Santos Dumont@MG",41965.7659396056,4324.25679704962
"1104","Santos@SP",34442.5846570634,104662.665922161
"1105","São Bento do Sul@SC",25589.5528016232,1917.00679124654
"1106","São Bento do Una@PE",40821.1836847826,26244.4491251656
"1107","São Bento@PB",33798.0507608377,640160.094369696
"1108","São Bernardo do Campo@SP",39266.4763578248,133182.50289981
"1109","São Bernardo@MA",26784.1677781246,991.327648169965
"1110","São Borja@RS",16132.026542327,8333.59220171771
"1111","São Caetano do Sul@SP",33586.2653597517,436169.996288771
"1112","São Carlos@SP",33985.3494308012,130669.426727619
"1113","São Cristóvão@SE",149526.030068843,3701.7875489225
"1114","São Domingos do Maranhão@MA",24533.0004550203,10.4425871213034
"1115","São Felipe@BA",28403.6651691505,1678.31838212847
"1116","São Félix do Araguaia@MT",11516.3143059236,17855.73287948
"1117","São Félix do Xingu@PA",14452.0583912815,19709.5459744086
"1118","São Félix@BA",16195.1104235267,3485872.65646603
"1119","São Fidélis@RJ",32406.9251203921,41203.0204861505
"1120","São Francisco do Conde@BA",26618.316087782,225.561275125259
"1121","São Francisco do Guaporé@RO",16091.0361221471,52726.1875761633
"1122","São Francisco do Sul@SC",22418.6502580587,23572.7888873045
"1123","São Francisco@MG",30039.5494337688,8280.94285730243
"1124","São Gabriel da Cachoeira@AM",18262.0803997631,132065925467.252
"1125","São Gabriel da Palha@ES",30298.2584609106,203.899536164435
"1126","São Gabriel do Oeste@MS",28099.1928938464,40.5062785415651
"1127","São Gabriel@RS",26291.6934195452,32900.3401348573
"1128","São Geraldo do Araguaia@PA",16421.6559794189,55264.3076817718
"1129","São Gonçalo do Amarante@CE",37713.5023930116,1050.79677919145
"1130","São Gonçalo do Amarante@RN",23101.2148569886,30187.959806779
"1131","São Gonçalo do Sapucaí@MG",36977.7750685086,2050542.64468075
"1132","São Gonçalo dos Campos@BA",26244.6767328277,62403.3194812402
"1133","São Gonçalo@RJ",32112.3449922589,56149.4207645733
"1134","São Gotardo@MG",31168.6791506074,5222779.82888247
"1135","São Jerônimo@RS",22472.9677347759,41434.7551790565
"1136","São João da Baliza@RR",12793.3235580649,217.973979392071
"1137","São João da Boa Vista@SP",28320.4327235323,2755255.62178279
"1138","São João de Meriti@RJ",32032.244843944,173331.671915139
"1139","São João del Rei@MG",37630.277948599,188406.832989164
"1140","São João do Paraíso@MG",21025.709770803,608.88070185941
"1141","São João do Piauí@PI",20499.6899073378,52591.6258555619
"1142","São João do Rio do Peixe@PB",27947.9671966071,81195.0567734926
"1143","São João dos Patos@MA",21190.6864095732,2869.12964985194
"1144","São João Evangelista@MG",48545.5138329615,125198.511163071
"1145","São João Nepomuceno@MG",31736.6256234729,4810.32669769208
"1146","São Joaquim da Barra@SP",28278.8334484876,34100.3690704664
"1147","São Joaquim de Bicas@MG",28665.917689126,18158.0160054347
"1148","São Joaquim@SC",31663.1398158926,27485.808575397
"1149","São José da Tapera@AL",23832.808678156,1137.00903411447
"1150","São José de Mipibu@RN",24753.8039622206,1959296.20432142
"1151","São José de Ribamar@MA",19205.7787485004,103871.222963972
"1152","São José do Belmonte@PE",21847.4938263667,2207340.14020402
"1153","São José do Egito@PE",28793.1337816988,57293.6706666089
"1154","São José do Norte@RS",18448.7223639077,35380.508881401
"1155","São José do Rio Pardo@SP",28299.9469031345,17061.6554816214
"1156","São José do Rio Preto@SP",32257.8992489673,97725.9108695137
"1157","São José dos Campos@SP",45277.5708675215,266939.882767707
"1158","São José dos Pinhais@PR",37330.0900062459,7469.89752656352
"1159","São José dos Quatro Marcos@MT",22062.2222804497,2686.22698331312
"1160","São José@SC",27511.7619239195,12549.0666169848
"1161","São Lourenço do Oeste@SC",35522.164298516,33488.1511178476
"1162","São Lourenço do Sul@RS",30418.5112972169,5331.7555610885
"1163","São Lourenço@MG",36751.6037942006,39247.2094310802
"1164","São Luís do Quitunde@AL",16259.0126517588,6915.26242661619
"1165","São Luís@MA",39565.6003353119,45103.1339316368
"1166","São Luiz Gonzaga@RS",22097.4554461414,129858.192934253
"1167","São Manuel@SP",29936.5068879561,125323.809941045
"1168","São Marcos@RS",17795.2916246685,2401762.30434607
"1169","São Mateus do Maranhão@MA",14280.5058650298,4249.546295397
"1170","São Mateus do Sul@PR",23069.0038584787,337988.136724249
"1171","São Miguel Arcanjo@SP",27795.9380240925,2256.03418051221
"1172","São Miguel do Araguaia@GO",24098.346033342,169465.037212625
"1173","São Miguel do Guamá@PA",18453.3648154585,10227.0721012977
"1174","São Miguel do Guaporé@RO",17058.1437057269,4575453.26448197
"1175","São Miguel do Iguaçu@PR",24735.8776420749,31399.7323945773
"1176","São Miguel do Oeste@SC",19414.1298035516,313287.951322472
"1177","São Miguel dos Campos@AL",26154.5390975037,17053.078198009
"1178","São Miguel@RN",48679.8716714517,67940.6199808812
"1179","São Paulo@SP",60577.8121334494,121836.727050926
"1180","São Pedro da Aldeia@RJ",31233.9492640029,94769.1642509157
"1181","São Raimundo das Mangabeiras@MA",27749.2057443703,1133.80208378399
"1182","São Roque@SP",34735.4561878195,16871.971491043
"1183","São Sebastião da Boa Vista@PA",13332.4252310294,4104.5641139182
"1184","São Sebastião do Paraíso@MG",25067.4466694383,39873.1769295984
"1185","São Sebastião do Passé@BA",22494.8156483505,4709.85944621019
"1186","São Sebastião@SP",30285.6426074876,56423.8766132049
"1187","São Sepé@RS",25845.4767356655,22561.2881645035
"1188","São Vicente do Sul@RS",24147.8853243228,1347981.99261798
"1189","São Vicente Ferrer@MA",10504.7780009439,24012287.4917715
"1190","São Vicente@SP",26046.7600392914,31272.0727854461
"1191","Sapé@PB",30023.1316351676,4471.1526198565
"1192","Sapeaçu@BA",32953.1080107284,94573.5780789133
"1193","Sapezal@MT",16380.5709639901,812901.730579268
"1194","Sapiranga@RS",19708.7988092044,30008.4934772307
"1195","Saquarema@RJ",39738.7368949555,34898.7621273368
"1196","Sarandi@PR",37717.8258898832,380779.149841982
"1197","Sarandi@RS",22158.6890403404,5405.19200290163
"1198","Seara@SC",24188.2982725682,35988.8279556595
"1199","Sena Madureira@AC",12502.457119512,1238.06561073541
"1200","Senador Canedo@GO",22071.9827117802,113609.492751622
"1201","Senador Guiomard@AC",19397.8159244492,90448.1469239448
"1202","Senador Pompeu@CE",37275.8486821668,8759.06684439838
"1203","Senhor do Bonfim@BA",33849.7514958408,9180.17731438578
"1204","Sento Sé@BA",17164.5552168727,12604.2680985453
"1205","Serra do Ramalho@BA",13995.4227227301,25694.9276499967
"1206","Serra Talhada@PE",52947.8509492465,22813.2189338502
"1207","Serra@ES",55217.7945262319,55357.8669710464
"1208","Serrana@SP",24858.9406798988,5824.61493027466
"1209","Sertãozinho@SP",29156.0837613466,79650.5064208666
"1210","Sete Lagoas@MG",37019.350010138,59958.0103573742
"1211","Sidrolândia@MS",21468.6602336636,1022.74338323121
"1212","Silvânia@GO",27551.063371511,953748.116698198
"1213","Silves@AM",10759.7123379845,509.042997481364
"1214","Simão Dias@SE",41780.4432127481,4585.22843342503
"1215","Simões Filho@BA",28753.8893093262,90918.7227220682
"1216","Sinop@MT",45557.5810145683,31334.0730202977
"1217","Sítio Novo do Tocantins@TO",12882.3985616772,453787.508421189
"1218","Sobradinho@RS",21207.3728867231,6146.32104694638
"1219","Socorro@SP",31792.6329176226,9658.37120828674
"1220","Solânea@PB",22513.5844337589,11603.1724399683
"1221","Soledade@PB",24953.168681545,5878.19548250032
"1222","Soledade@RS",26374.173913326,75500.6809291301
"1223","Solonópole@CE",39014.1600608843,7080.80247441274
"1224","Sombrio@SC",19645.2906937149,20220.375466648
"1225","Sooretama@ES",20567.4361883892,2942.01329849747
"1226","Sorocaba@SP",32467.5265265901,58372.7938315453
"1227","Sorriso@MT",32201.5500172878,76603.669831274
"1228","Soure@PA",14213.1269472831,6611.97546669819
"1229","Sousa@PB",44170.3121934677,62005.6329249438
"1230","Sumaré@SP",29878.6444389117,763400.489596801
"1231","Sumé@PB",68358.2994520819,11365.8355557111
"1232","Surubim@PE",34357.3434733867,8741.72760168415
"1233","Suzano@SP",34300.4899388361,11905.4457605686
"1234","Tabira@PE",27008.1370203574,109854.643042546
"1235","Taboão da Serra@SP",31503.522070228,13564.7579096829
"1236","Tailândia@PA",16033.6860498565,7416.59654111665
"1237","Taiobeiras@MG",44995.1675574954,78703.6202238623
"1238","Tamboril@CE",30242.6554282942,276851.902898034
"1239","Tangará da Serra@MT",38207.821223053,6187.3784481301
"1240","Tapejara@RS",17558.664280939,9054.37421921901
"1241","Tapiratiba@SP",32952.2183033001,22690.6966928766
"1242","Taquara@RS",21793.4750491238,26964.216963165
"1243","Taquari@RS",22373.5186627232,11228.5737314593
"1244","Taquaritinga@SP",33957.447126864,3912282.19181757
"1245","Tarauacá@AC",13670.7250282323,2132.21340979388
"1246","Tartarugalzinho@AP",9654.50862408597,5564.48838729147
"1247","Tauá@CE",49746.580183407,166119.811264627
"1248","Taubaté@SP",34482.179884083,166269.075558921
"1249","Tefé@AM",17788.2537080826,175199329116.403
"1250","Teixeira de Freitas@BA",46252.2143112298,68201.6319093196
"1251","Telêmaco Borba@PR",24173.0379364591,724747.964442457
"1252","Teófilo Otoni@MG",49043.2857364214,88607.3247824649
"1253","Teotônio Vilela@AL",19338.736050366,22223.5846040766
"1254","Teresina@PI",91975.6307608395,53291.4670025658
"1255","Teresópolis@RJ",54180.837113887,243804.903738431
"1256","Teutônia@RS",23305.8061236046,8103.87128564354
"1257","Tianguá@CE",50041.8902414858,60672.1279997928
"1258","Tibau@RN",45237.2177650825,366.772086799014
"1259","Tietê@SP",37345.0795850649,2095.31561180286
"1260","Tijucas@SC",21945.8449084599,19541.6134921893
"1261","Timbaúba@PE",33431.284681576,33747.3425738753
"1262","Timbiras@MA",15816.1081435147,48599.0434916753
"1263","Timon@MA",23329.0082759095,63630.3767967966
"1264","Timóteo@MG",49069.1873402719,1201734.36053227
"1265","Tobias Barreto@SE",22624.1025633445,34908.466194303
"1266","Tocantinópolis@TO",24475.5789766772,7041.02294460901
"1267","Toledo@PR",27850.1470840427,1055759.67743624
"1268","Tomé-Açu@PA",13666.6789994358,1164.78195742028
"1269","Torres@RS",18038.5440296363,9887.60072035756
"1270","Touros@RN",18435.6700771455,11532.4715867272
"1271","Trairi@CE",32190.9783842593,70800.4073136229
"1272","Tramandaí@RS",24019.6616862955,11220.9236141234
"1273","Três Corações@MG",42358.3852313757,85275.1473047829
"1274","Três Lagoas@MS",31643.9777561916,76302.1249895844
"1275","Três Passos@RS",22128.3623438804,31289.9604002363
"1276","Três Pontas@MG",37942.4127997918,4816592.41803721
"1277","Três Rios@RJ",47108.8970580976,191693.181571434
"1278","Triunfo@PE",45939.2429735937,6064.24321991061
"1279","Tubarão@SC",32686.0987944454,16504.5695913023
"1280","Tucano@BA",34300.3491839478,36120708988.9376
"1281","Tucumã@PA",22654.8131152172,139218.403226372
"1282","Tucuruí@PA",22825.8335077743,119658.510081974
"1283","Tuntum@MA",28649.7382262416,1332.92245915592
"1284","Tupã@SP",36737.2709689052,36538.7054799587
"1285","Tupaciguara@MG",41039.8047753002,8395788658.25406
"1286","Turiaçu@MA",15109.8359297966,1767.75702193149
"1287","Turmalina@MG",23665.8386327316,9424423.8792189
"1288","Tutóia@MA",13168.240939981,4015.73576240549
"1289","Ubá@MG",42190.7600310671,164891.971691962
"1290","Ubaíra@BA",18919.776545454,8389.8749195411
"1291","Ubaitaba@BA",22155.250288471,7785.89547117643
"1292","Ubajara@CE",39164.0398462647,39032.9708554588
"1293","Ubatuba@SP",22208.1991465684,9173.54936243149
"1294","Uberaba@MG",57467.0713779736,272226.180722722
"1295","Uberlândia@MG",51005.682914859,680954.75312753
"1296","Uibaí@BA",41049.0349149854,58437.3802095387
"1297","Uiraúna@PB",25074.7579515344,27575.3443437563
"1298","Umarizal@RN",27232.9189667626,10321.799377996
"1299","Umbaúba@SE",27365.8259005074,1766.29985712411
"1300","Umburanas@BA",18608.5574283051,512486.64585761
"1301","Umuarama@PR",35958.2524246236,31526.7737099698
"1302","Una@BA",17217.3445188688,34428.826525837
"1303","União da Vitória@PR",25482.1110777809,37907.6468543179
"1304","União@PI",22531.1636635924,14397.1786611496
"1305","Urandi@BA",29319.539952785,1051.07147849441
"1306","Urbano Santos@MA",12517.7631448761,13129.9522558675
"1307","Uruaçu@GO",41405.8626000773,1223335.61613503
"1308","Uruará@PA",13883.664189604,7111.80749638771
"1309","Uruburetama@CE",26915.0741137849,6325.45736961627
"1310","Uruçuí@PI",22562.4906918838,1859.40133851179
"1311","Urucurituba@AM",12597.0905082696,141.719312867623
"1312","Uruguaiana@RS",21715.949535868,13942.7429657597
"1313","Vacaria@RS",31812.8135236765,631459.089272751
"1314","Valença do Piauí@PI",22726.7543402784,1774.10918762846
"1315","Valença@BA",52059.6128967667,18348.6956288002
"1316","Valença@RJ",33454.130029776,104208.217769524
"1317","Valente@BA",25375.0033248596,1604364521823.44
"1318","Valinhos@SP",30242.1099344294,116988.035998668
"1319","Valparaíso de Goiás@GO",22024.8348987621,13449.769723907
"1320","Vargem Grande Paulista@SP",33123.4011368089,22192.0613542186
"1321","Vargem Grande@MA",17253.3393895605,2079599.78691317
"1322","Varginha@MG",36695.001239757,46238.0995813042
"1323","Várzea Alegre@CE",48061.3709251387,4445.25219809996
"1324","Várzea Grande@MT",32655.456340141,1738691.34278082
"1325","Várzea Paulista@SP",22769.6751959488,1486010.40526117
"1326","Vassouras@RJ",42752.8782372296,122793.342848481
"1327","Vazante@MG",30331.7510797305,87867.7584345936
"1328","Venda Nova do Imigrante@ES",30755.7606152099,29630.6424687312
"1329","Vera Cruz@BA",26941.7374188775,80639.2460595391
"1330","Vera Cruz@RN",34913.3917976198,9840.75953864467
"1331","Vespasiano@MG",32800.9086359018,16857.4037138458
"1332","Viamão@RS",21666.316407601,9128.50007853931
"1333","Viana@MA",15791.4049866524,5401.21946663569
"1334","Viçosa@AL",25430.1832783515,9268.49255887068
"1335","Viçosa@MG",57176.1800592364,168138.12389989
"1336","Vigia@PA",11548.9604732644,24774.7273283835
"1337","Vila Velha@ES",49350.6801489653,204464.151308843
"1338","Vilhena@RO",23890.4483407777,6437.22340211621
"1339","Vinhedo@SP",44358.82510171,22122.0854584716
"1340","Virginópolis@MG",42242.0653577102,1387651.99783612
"1341","Visconde do Rio Branco@MG",32017.6966393061,39266.8061753217
"1342","Vitória da Conquista@BA",57418.2784208425,26666.6418325217
"1343","Vitória de Santo Antão@PE",50585.1507125636,32446.2388446975
"1344","Vitória@ES",65801.829463903,205063.104365968
"1345","Vitorino Freire@MA",33560.2738810329,6630.94555484476
"1346","Volta Redonda@RJ",36459.550747595,33047.5800915095
"1347","Votorantim@SP",20591.9707885537,5540713.21059763
"1348","Votuporanga@SP",36175.7299315655,12885.2131445403
"1349","Wanderlândia@TO",22359.5256036473,19097.8779191626
"1350","Xambioá@TO",21307.2113618282,158150689256.426
"1351","Xanxerê@SC",39121.5974180856,8585.08408324403
"1352","Xinguara@PA",23837.1528738655,2116.67998432207
"1353","Xique-Xique@BA",21351.7856467767,2209.90618953737
"1354","Zé Doca@MA",18351.7702524346,4898.56080857395
